event_date,published_at,commodity_group,country_or_region,country_iso,event_type,event_title,event_summary,expected_impact_direction,expected_impact_area,impact_score,time_horizon,confidence_score,source_name,source_url,source_reliability_score,fetched_at,event_cluster_id,duplicate_of,data_quality_flag,entities,raw_payload,notes
2026-06-01,,coffee,Vietnam,VNM,weather,Rain in Central Highlands slows coffee drying,Heavy rain in parts of Dak Lak and Gia Lai may delay drying and near-term flow of robusta.,bullish,supply,2,short_term,0.82,Vietnam MARD,https://www.mard.gov.vn/en/Pages/default.aspx,0.92,2026-06-02T14:14:22.415Z,,,ok,"{""countries"":[""Vietnam""],""regions"":[],""commodities"":[""coffee""],""organizations"":[],""markets"":[]}","{""source"":""seed_csv"",""record"":{""event_date"":""2026-06-01"",""commodity_group"":""coffee"",""country_or_region"":""Vietnam"",""country_iso"":""VNM"",""event_type"":""weather"",""event_title"":""Rain in Central Highlands slows coffee drying"",""event_summary"":""Heavy rain in parts of Dak Lak and Gia Lai may delay drying and near-term flow of robusta."",""expected_impact_direction"":""bullish"",""expected_impact_area"":""supply"",""impact_score"":""2"",""time_horizon"":""short_term"",""confidence_score"":""0.82"",""source_name"":""Vietnam MARD"",""source_url"":""https://www.mard.gov.vn/en/Pages/default.aspx"",""source_reliability_score"":""0.92"",""notes"":""Cross-check against domestic arrivals.""}}",Cross-check against domestic arrivals.
2026-05-31,,coffee,Brazil,BRA,crop_outlook,Brazil arabica belt dryness risk noted,Dryness in key coffee zones could reduce yield assumptions for the next crop cycle.,bullish,supply,2,medium_term,0.8,USDA FAS,https://www.fas.usda.gov/data,0.93,2026-06-02T14:14:22.415Z,,,ok,"{""countries"":[""Brazil""],""regions"":[],""commodities"":[""coffee""],""organizations"":[""USDA""],""markets"":[]}","{""source"":""seed_csv"",""record"":{""event_date"":""2026-05-31"",""commodity_group"":""coffee"",""country_or_region"":""Brazil"",""country_iso"":""BRA"",""event_type"":""crop_outlook"",""event_title"":""Brazil arabica belt dryness risk noted"",""event_summary"":""Dryness in key coffee zones could reduce yield assumptions for the next crop cycle."",""expected_impact_direction"":""bullish"",""expected_impact_area"":""supply"",""impact_score"":""2"",""time_horizon"":""medium_term"",""confidence_score"":""0.80"",""source_name"":""USDA FAS"",""source_url"":""https://www.fas.usda.gov/data"",""source_reliability_score"":""0.93"",""notes"":""Watch follow-up rainfall updates.""}}",Watch follow-up rainfall updates.
2026-05-31,2026-05-31T06:30:00.000Z,coffee,Brazil,BRA,weather,Brazil dryness raises concern for coffee trees,Dry weather in some producing areas may stress trees before the next flowering period.,bullish,supply,2,short_term,0.75,Reuters,https://www.reuters.com/world/americas/brazil-coffee-weather-2026-05-31/,0.85,2026-06-02T14:14:22.415Z,,,needs_human_review,"{""countries"":[""Brazil""],""regions"":[],""commodities"":[""coffee""],""organizations"":[""Reuters""],""markets"":[]}","{""source"":""raw_csv"",""record"":{""published_at"":""2026-05-31T06:30:00Z"",""source_name"":""Reuters"",""source_url"":""https://www.reuters.com/world/americas/brazil-coffee-weather-2026-05-31/"",""title_raw"":""Brazil dryness raises concern for coffee trees"",""summary_raw"":""Dry weather in some producing areas may stress trees before the next flowering period."",""body_excerpt"":""Reuters market wrap excerpt."",""language"":""en"",""detected_commodity"":""coffee"",""detected_countries"":""[\""Brazil\""]"",""detected_event_type"":""weather"",""event_date"":""2026-05-31"",""country_or_region"":""Brazil"",""country_iso"":""BRA"",""expected_impact_direction"":""bullish"",""expected_impact_area"":""supply"",""impact_score"":""2"",""time_horizon"":""short_term"",""confidence_score"":"""",""source_reliability_score"":""0.85"",""entities"":""{\""countries\"":[\""Brazil\""],\""commodities\"":[\""coffee\""],\""organizations\"":[\""Reuters\""]}"",""notes"":""raw intake row""},""detectedCountries"":[""Brazil""]}",raw intake row
2026-05-30,2026-05-30T12:00:00.000Z,coffee,Brazil,BRA,weather,Coffee traders monitor Brazil weather stress,Traders highlighted rainfall deficits in selected coffee regions in Brazil.,bullish,supply,2,short_term,0.73,AP News,https://apnews.com/article/coffee-brazil-dryness-may30,0.83,2026-06-02T14:14:22.415Z,,,needs_human_review,"{""countries"":[""Brazil""],""regions"":[],""commodities"":[""coffee""],""organizations"":[""AP News""],""markets"":[]}","{""source"":""raw_csv"",""record"":{""published_at"":""2026-05-30T12:00:00Z"",""source_name"":""AP News"",""source_url"":""https://apnews.com/article/coffee-brazil-dryness-may30"",""title_raw"":""Coffee traders monitor Brazil weather stress"",""summary_raw"":""Traders highlighted rainfall deficits in selected coffee regions in Brazil."",""body_excerpt"":""AP summary excerpt."",""language"":""en"",""detected_commodity"":""coffee"",""detected_countries"":""[\""Brazil\""]"",""detected_event_type"":""weather"",""event_date"":""2026-05-30"",""country_or_region"":""Brazil"",""country_iso"":""BRA"",""expected_impact_direction"":""bullish"",""expected_impact_area"":""supply"",""impact_score"":""2"",""time_horizon"":""short_term"",""confidence_score"":"""",""source_reliability_score"":""0.83"",""entities"":""{\""countries\"":[\""Brazil\""],\""commodities\"":[\""coffee\""],\""organizations\"":[\""AP News\""]}"",""notes"":""possible duplicate of Reuters context""},""detectedCountries"":[""Brazil""]}",possible duplicate of Reuters context
2026-05-30,,coffee,EU,EUU,import_policy,EU due diligence timeline update for coffee importers,Implementation clarification may increase compliance cost and procurement lead time.,neutral,policy,0,medium_term,0.71,European Commission,https://commission.europa.eu,0.93,2026-06-02T14:14:22.415Z,,,ok,"{""countries"":[""EU""],""regions"":[],""commodities"":[""coffee""],""organizations"":[],""markets"":[]}","{""source"":""seed_csv"",""record"":{""event_date"":""2026-05-30"",""commodity_group"":""coffee"",""country_or_region"":""EU"",""country_iso"":""EUU"",""event_type"":""import_policy"",""event_title"":""EU due diligence timeline update for coffee importers"",""event_summary"":""Implementation clarification may increase compliance cost and procurement lead time."",""expected_impact_direction"":""neutral"",""expected_impact_area"":""policy"",""impact_score"":""0"",""time_horizon"":""medium_term"",""confidence_score"":""0.71"",""source_name"":""European Commission"",""source_url"":""https://commission.europa.eu"",""source_reliability_score"":""0.93"",""notes"":""Interpret with importer feedback.""}}",Interpret with importer feedback.
2026-05-30,,coffee,Indonesia,IDN,harvest,Indonesia harvest progress improves export readiness,Faster harvest progress may support additional export availability in coming weeks.,bearish,supply,-1,short_term,0.74,Indonesia Trade Ministry,https://www.kemendag.go.id,0.84,2026-06-02T14:14:22.415Z,,,ok,"{""countries"":[""Indonesia""],""regions"":[],""commodities"":[""coffee""],""organizations"":[],""markets"":[]}","{""source"":""seed_csv"",""record"":{""event_date"":""2026-05-30"",""commodity_group"":""coffee"",""country_or_region"":""Indonesia"",""country_iso"":""IDN"",""event_type"":""harvest"",""event_title"":""Indonesia harvest progress improves export readiness"",""event_summary"":""Faster harvest progress may support additional export availability in coming weeks."",""expected_impact_direction"":""bearish"",""expected_impact_area"":""supply"",""impact_score"":""-1"",""time_horizon"":""short_term"",""confidence_score"":""0.74"",""source_name"":""Indonesia Trade Ministry"",""source_url"":""https://www.kemendag.go.id"",""source_reliability_score"":""0.84"",""notes"":""Directional only.""}}",Directional only.
2026-05-29,2026-05-29T08:45:00.000Z,coffee,EU,EUU,regulation,EU updates explanatory note for coffee import compliance,Clarification note updates language for importer declarations.,neutral,policy,0,medium_term,0.93,EU Portal,missing-source-url://2026-06-02T14:14:22.415Z,0.93,2026-06-02T14:14:22.415Z,,,missing_source_url,"{""countries"":[""EU""],""regions"":[],""commodities"":[""coffee""],""organizations"":[""European Commission""],""markets"":[]}","{""source"":""raw_csv"",""record"":{""published_at"":""2026-05-29T08:45:00Z"",""source_name"":""EU Portal"",""source_url"":"""",""title_raw"":""EU updates explanatory note for coffee import compliance"",""summary_raw"":""Clarification note updates language for importer declarations."",""body_excerpt"":""EU regulation excerpt."",""language"":""en"",""detected_commodity"":""coffee"",""detected_countries"":""[\""EU\""]"",""detected_event_type"":""regulation"",""event_date"":""2026-05-29"",""country_or_region"":""EU"",""country_iso"":""EUU"",""expected_impact_direction"":""neutral"",""expected_impact_area"":""policy"",""impact_score"":""0"",""time_horizon"":""medium_term"",""confidence_score"":"""",""source_reliability_score"":""0.93"",""entities"":""{\""countries\"":[\""EU\""],\""commodities\"":[\""coffee\""],\""organizations\"":[\""European Commission\""]}"",""notes"":""missing source url should be flagged""},""detectedCountries"":[""EU""]}",missing source url should be flagged
2026-05-29,,coffee,Germany,DEU,logistics,Port congestion eases for coffee containers,Lower waiting time in major EU gateway ports may improve shipment scheduling.,bearish,logistics,-1,short_term,0.68,Drewry,https://www.drewry.co.uk,0.76,2026-06-02T14:14:22.415Z,,,ok,"{""countries"":[""Germany""],""regions"":[],""commodities"":[""coffee""],""organizations"":[],""markets"":[]}","{""source"":""seed_csv"",""record"":{""event_date"":""2026-05-29"",""commodity_group"":""coffee"",""country_or_region"":""Germany"",""country_iso"":""DEU"",""event_type"":""logistics"",""event_title"":""Port congestion eases for coffee containers"",""event_summary"":""Lower waiting time in major EU gateway ports may improve shipment scheduling."",""expected_impact_direction"":""bearish"",""expected_impact_area"":""logistics"",""impact_score"":""-1"",""time_horizon"":""short_term"",""confidence_score"":""0.68"",""source_name"":""Drewry"",""source_url"":""https://www.drewry.co.uk"",""source_reliability_score"":""0.76"",""notes"":""Logistics signal only.""}}",Logistics signal only.
2026-05-29,,coffee,United States,USA,demand_signal,US specialty roasters report stable buying,Roaster comments indicate replacement demand remains steady after recent price volatility.,bullish,demand,1,short_term,0.69,Reuters,https://www.reuters.com/markets/commodities/,0.85,2026-06-02T14:14:22.415Z,,,ok,"{""countries"":[""United States""],""regions"":[],""commodities"":[""coffee""],""organizations"":[],""markets"":[]}","{""source"":""seed_csv"",""record"":{""event_date"":""2026-05-29"",""commodity_group"":""coffee"",""country_or_region"":""United States"",""country_iso"":""USA"",""event_type"":""demand_signal"",""event_title"":""US specialty roasters report stable buying"",""event_summary"":""Roaster comments indicate replacement demand remains steady after recent price volatility."",""expected_impact_direction"":""bullish"",""expected_impact_area"":""demand"",""impact_score"":""1"",""time_horizon"":""short_term"",""confidence_score"":""0.69"",""source_name"":""Reuters"",""source_url"":""https://www.reuters.com/markets/commodities/"",""source_reliability_score"":""0.85"",""notes"":""Media source; validate with trade flow.""}}",Media source; validate with trade flow.
2026-05-28,,coffee,Italy,ITA,inventory,Roaster inventories reported above seasonal average,Higher inventory cover may reduce urgent nearby buying needs.,bearish,inventory,-1,short_term,0.66,Italian Coffee Association,https://www.comunicaffe.com,0.72,2026-06-02T14:14:22.415Z,,,ok,"{""countries"":[""Italy""],""regions"":[],""commodities"":[""coffee""],""organizations"":[],""markets"":[]}","{""source"":""seed_csv"",""record"":{""event_date"":""2026-05-28"",""commodity_group"":""coffee"",""country_or_region"":""Italy"",""country_iso"":""ITA"",""event_type"":""inventory"",""event_title"":""Roaster inventories reported above seasonal average"",""event_summary"":""Higher inventory cover may reduce urgent nearby buying needs."",""expected_impact_direction"":""bearish"",""expected_impact_area"":""inventory"",""impact_score"":""-1"",""time_horizon"":""short_term"",""confidence_score"":""0.66"",""source_name"":""Italian Coffee Association"",""source_url"":""https://www.comunicaffe.com"",""source_reliability_score"":""0.72"",""notes"":""Association source.""}}",Association source.
2026-05-28,2026-05-28T14:20:00.000Z,coffee,Vietnam,VNM,logistics,Vietnam coffee truck flow normalizes after rain,Road conditions improved and truck turnaround time recovered compared with last week.,bearish,logistics,-1,short_term,0.6,Vietnam Trade Press,https://nongnghiepmoitruong.vn/coffee-logistics-update,0.7,2026-06-02T14:14:22.415Z,,,needs_human_review,"{""countries"":[""Vietnam""],""regions"":[],""commodities"":[""coffee""],""organizations"":[""Nong Nghiep Moi Truong""],""markets"":[]}","{""source"":""raw_csv"",""record"":{""published_at"":""2026-05-28T14:20:00Z"",""source_name"":""Vietnam Trade Press"",""source_url"":""https://nongnghiepmoitruong.vn/coffee-logistics-update"",""title_raw"":""Vietnam coffee truck flow normalizes after rain"",""summary_raw"":""Road conditions improved and truck turnaround time recovered compared with last week."",""body_excerpt"":""Trade press excerpt."",""language"":""vi"",""detected_commodity"":""coffee"",""detected_countries"":""[\""Vietnam\""]"",""detected_event_type"":""logistics"",""event_date"":""2026-05-28"",""country_or_region"":""Vietnam"",""country_iso"":""VNM"",""expected_impact_direction"":""bearish"",""expected_impact_area"":""logistics"",""impact_score"":""-1"",""time_horizon"":""short_term"",""confidence_score"":"""",""source_reliability_score"":""0.7"",""entities"":""{\""countries\"":[\""Vietnam\""],\""commodities\"":[\""coffee\""],\""organizations\"":[\""Nong Nghiep Moi Truong\""]}"",""notes"":""medium reliability source""},""detectedCountries"":[""Vietnam""]}",medium reliability source
2026-05-27,,coffee,Japan,JPN,currency_fx,Yen weakness raises local coffee import cost,Softer yen can pressure importer margins and affect purchase timing.,bullish,fx,1,short_term,0.7,Bank of Japan,https://www.boj.or.jp/en/,0.9,2026-06-02T14:14:22.415Z,,,ok,"{""countries"":[""Japan""],""regions"":[],""commodities"":[""coffee""],""organizations"":[],""markets"":[]}","{""source"":""seed_csv"",""record"":{""event_date"":""2026-05-27"",""commodity_group"":""coffee"",""country_or_region"":""Japan"",""country_iso"":""JPN"",""event_type"":""currency_fx"",""event_title"":""Yen weakness raises local coffee import cost"",""event_summary"":""Softer yen can pressure importer margins and affect purchase timing."",""expected_impact_direction"":""bullish"",""expected_impact_area"":""fx"",""impact_score"":""1"",""time_horizon"":""short_term"",""confidence_score"":""0.70"",""source_name"":""Bank of Japan"",""source_url"":""https://www.boj.or.jp/en/"",""source_reliability_score"":""0.9"",""notes"":""FX channel impact is indirect.""}}",FX channel impact is indirect.
2026-05-26,,coffee,Vietnam,VNM,export_policy,Vietnam logistics fee adjustment for export coffee,Revised inland handling fees may change short-term shipment economics.,neutral,trade_flow,0,short_term,0.67,Vietnam Customs,https://www.customs.gov.vn,0.92,2026-06-02T14:14:22.415Z,,,ok,"{""countries"":[""Vietnam""],""regions"":[],""commodities"":[""coffee""],""organizations"":[],""markets"":[]}","{""source"":""seed_csv"",""record"":{""event_date"":""2026-05-26"",""commodity_group"":""coffee"",""country_or_region"":""Vietnam"",""country_iso"":""VNM"",""event_type"":""export_policy"",""event_title"":""Vietnam logistics fee adjustment for export coffee"",""event_summary"":""Revised inland handling fees may change short-term shipment economics."",""expected_impact_direction"":""neutral"",""expected_impact_area"":""trade_flow"",""impact_score"":""0"",""time_horizon"":""short_term"",""confidence_score"":""0.67"",""source_name"":""Vietnam Customs"",""source_url"":""https://www.customs.gov.vn"",""source_reliability_score"":""0.92"",""notes"":""Check detailed circular text.""}}",Check detailed circular text.
2026-05-25,,coffee,Brazil,BRA,weather,Cold front risk flagged in southern coffee areas,Potential frost windows increase risk premium in robusta and arabica markets.,bullish,price,3,short_term,0.86,ICO,https://ico.org/resources/public-market-information/,0.88,2026-06-02T14:14:22.415Z,,,ok,"{""countries"":[""Brazil""],""regions"":[],""commodities"":[""coffee""],""organizations"":[""ICO""],""markets"":[]}","{""source"":""seed_csv"",""record"":{""event_date"":""2026-05-25"",""commodity_group"":""coffee"",""country_or_region"":""Brazil"",""country_iso"":""BRA"",""event_type"":""weather"",""event_title"":""Cold front risk flagged in southern coffee areas"",""event_summary"":""Potential frost windows increase risk premium in robusta and arabica markets."",""expected_impact_direction"":""bullish"",""expected_impact_area"":""price"",""impact_score"":""3"",""time_horizon"":""short_term"",""confidence_score"":""0.86"",""source_name"":""ICO"",""source_url"":""https://ico.org/resources/public-market-information/"",""source_reliability_score"":""0.88"",""notes"":""Compare with futures volatility.""}}",Compare with futures volatility.
2026-05-24,,coffee,South Korea,KOR,regulation,Food safety documentation update for green coffee imports,Documentation update is material for paperwork but no clear price direction yet.,neutral,regulation,0,medium_term,0.64,Korea Customs Service,https://www.customs.go.kr,0.9,2026-06-02T14:14:22.415Z,,,ok,"{""countries"":[""South Korea""],""regions"":[],""commodities"":[""coffee""],""organizations"":[],""markets"":[]}","{""source"":""seed_csv"",""record"":{""event_date"":""2026-05-24"",""commodity_group"":""coffee"",""country_or_region"":""South Korea"",""country_iso"":""KOR"",""event_type"":""regulation"",""event_title"":""Food safety documentation update for green coffee imports"",""event_summary"":""Documentation update is material for paperwork but no clear price direction yet."",""expected_impact_direction"":""neutral"",""expected_impact_area"":""regulation"",""impact_score"":""0"",""time_horizon"":""medium_term"",""confidence_score"":""0.64"",""source_name"":""Korea Customs Service"",""source_url"":""https://www.customs.go.kr"",""source_reliability_score"":""0.9"",""notes"":""Monitor enforcement timing.""}}",Monitor enforcement timing.
2026-05-23,,coffee,Vietnam,VNM,trade_flow,Mixed signals on coffee shipment pacing,Port throughput and trucking reports are mixed without a clear directional signal.,unclear,trade_flow,0,unclear,0.58,VietnamBiz,https://vietnambiz.vn,0.68,2026-06-02T14:14:22.415Z,,,unclear_impact,"{""countries"":[""Vietnam""],""regions"":[],""commodities"":[""coffee""],""organizations"":[],""markets"":[]}","{""source"":""seed_csv"",""record"":{""event_date"":""2026-05-23"",""commodity_group"":""coffee"",""country_or_region"":""Vietnam"",""country_iso"":""VNM"",""event_type"":""trade_flow"",""event_title"":""Mixed signals on coffee shipment pacing"",""event_summary"":""Port throughput and trucking reports are mixed without a clear directional signal."",""expected_impact_direction"":""unclear"",""expected_impact_area"":""trade_flow"",""impact_score"":""0"",""time_horizon"":""unclear"",""confidence_score"":""0.58"",""source_name"":""VietnamBiz"",""source_url"":""https://vietnambiz.vn"",""source_reliability_score"":""0.68"",""notes"":""Needs cross-check with customs release.""}}",Needs cross-check with customs release.