period_type,period_start,period_label,importer_country,importer_iso,origin_country,origin_iso,flow,commodity_group,analysis_bucket,hs6,hs_description,import_value_usd,import_quantity_raw,import_quantity_unit_raw,import_net_weight_kg,import_quantity_ton,import_unit_value_usd_per_ton,source_name,source_url,fetched_at,data_quality_flag,unit_value_flag,confidence_score,notes
A,2025-01-01,2025,Australia,AUS,Vietnam,VNM,Import,coffee,coffee_raw_core,090111,Coffee; not roasted or decaffeinated,136717366.61,24021711.974,kg,24021711.974,24021.711974,5691.408121,UN Comtrade,https://comtradeapi.un.org/public/v1/preview/C/A/HS?reporterCode=36&partnerCode=704&flowCode=M&cmdCode=090111&period=2025&includeDesc=true,2026-06-03T18:01:25.426Z,ok,ok,0.82,"Mirror import unit value is calculated as SUM(import_value_usd) / SUM(import_quantity_ton). Import data is importer-reported and can naturally differ from exporter-reported data due to CIF/FOB scope, freight, insurance, timing, revisions, and classification differences. Mirror gap is a benchmark signal only; it is not transaction price, confirmed premium, margin, or profit."
A,2025-01-01,2025,Belgium,BEL,Vietnam,VNM,Import,coffee,coffee_raw_core,090111,Coffee; not roasted or decaffeinated,76247202.378,13463876.18,kg,13463876.18,13463.87618,5663.094443,UN Comtrade,https://comtradeapi.un.org/public/v1/preview/C/A/HS?reporterCode=56&partnerCode=704&flowCode=M&cmdCode=090111&period=2025&includeDesc=true,2026-06-03T18:01:25.426Z,ok,ok,0.82,"Mirror import unit value is calculated as SUM(import_value_usd) / SUM(import_quantity_ton). Import data is importer-reported and can naturally differ from exporter-reported data due to CIF/FOB scope, freight, insurance, timing, revisions, and classification differences. Mirror gap is a benchmark signal only; it is not transaction price, confirmed premium, margin, or profit."
A,2025-01-01,2025,Germany,DEU,Vietnam,VNM,Import,coffee,coffee_raw_core,090111,Coffee; not roasted or decaffeinated,9103255467.536028,1739392747.016,kg,1739392747.016,1739392.747016,5233.582515,UN Comtrade,https://comtradeapi.un.org/public/v1/preview/C/A/HS?reporterCode=276&partnerCode=704&flowCode=M&cmdCode=090111&period=2025&includeDesc=true,2026-06-03T18:01:25.426Z,ok,ok,0.82,"Mirror import unit value is calculated as SUM(import_value_usd) / SUM(import_quantity_ton). Import data is importer-reported and can naturally differ from exporter-reported data due to CIF/FOB scope, freight, insurance, timing, revisions, and classification differences. Mirror gap is a benchmark signal only; it is not transaction price, confirmed premium, margin, or profit."
A,2025-01-01,2025,Italy,ITA,Vietnam,VNM,Import,coffee,coffee_raw_core,090111,Coffee; not roasted or decaffeinated,687282277.752,120960408,kg,120960408,120960.408,5681.877972,UN Comtrade,https://comtradeapi.un.org/public/v1/preview/C/A/HS?reporterCode=380&partnerCode=704&flowCode=M&cmdCode=090111&period=2025&includeDesc=true,2026-06-03T18:01:25.426Z,ok,ok,0.82,"Mirror import unit value is calculated as SUM(import_value_usd) / SUM(import_quantity_ton). Import data is importer-reported and can naturally differ from exporter-reported data due to CIF/FOB scope, freight, insurance, timing, revisions, and classification differences. Mirror gap is a benchmark signal only; it is not transaction price, confirmed premium, margin, or profit."
A,2025-01-01,2025,Japan,JPN,Vietnam,VNM,Import,coffee,coffee_raw_core,090111,Coffee; not roasted or decaffeinated,481374272.175,88149970,kg,88149970,88149.97,5460.855769,UN Comtrade,https://comtradeapi.un.org/public/v1/preview/C/A/HS?reporterCode=392&partnerCode=704&flowCode=M&cmdCode=090111&period=2025&includeDesc=true,2026-06-03T18:01:25.426Z,ok,ok,0.82,"Mirror import unit value is calculated as SUM(import_value_usd) / SUM(import_quantity_ton). Import data is importer-reported and can naturally differ from exporter-reported data due to CIF/FOB scope, freight, insurance, timing, revisions, and classification differences. Mirror gap is a benchmark signal only; it is not transaction price, confirmed premium, margin, or profit."
A,2025-01-01,2025,Malaysia,MYS,Vietnam,VNM,Import,coffee,coffee_raw_core,090111,Coffee; not roasted or decaffeinated,355843336.844,67060614,kg,67060614,67060.614,5306.294047,UN Comtrade,https://comtradeapi.un.org/public/v1/preview/C/A/HS?reporterCode=458&partnerCode=704&flowCode=M&cmdCode=090111&period=2025&includeDesc=true,2026-06-03T18:01:25.426Z,ok,ok,0.82,"Mirror import unit value is calculated as SUM(import_value_usd) / SUM(import_quantity_ton). Import data is importer-reported and can naturally differ from exporter-reported data due to CIF/FOB scope, freight, insurance, timing, revisions, and classification differences. Mirror gap is a benchmark signal only; it is not transaction price, confirmed premium, margin, or profit."
A,2025-01-01,2025,Netherlands,NLD,Vietnam,VNM,Import,coffee,coffee_raw_core,090111,Coffee; not roasted or decaffeinated,183289029.669,31851120,kg,31851120,31851.12,5754.555245,UN Comtrade,https://comtradeapi.un.org/public/v1/preview/C/A/HS?reporterCode=528&partnerCode=704&flowCode=M&cmdCode=090111&period=2025&includeDesc=true,2026-06-03T18:01:25.426Z,ok,ok,0.82,"Mirror import unit value is calculated as SUM(import_value_usd) / SUM(import_quantity_ton). Import data is importer-reported and can naturally differ from exporter-reported data due to CIF/FOB scope, freight, insurance, timing, revisions, and classification differences. Mirror gap is a benchmark signal only; it is not transaction price, confirmed premium, margin, or profit."
A,2025-01-01,2025,Rep. of Korea,KOR,Vietnam,VNM,Import,coffee,coffee_raw_core,090111,Coffee; not roasted or decaffeinated,145513937,27188789.685,kg,27188789.685,27188.789685,5351.982883,UN Comtrade,https://comtradeapi.un.org/public/v1/preview/C/A/HS?reporterCode=410&partnerCode=704&flowCode=M&cmdCode=090111&period=2025&includeDesc=true,2026-06-03T18:01:25.426Z,ok,ok,0.82,"Mirror import unit value is calculated as SUM(import_value_usd) / SUM(import_quantity_ton). Import data is importer-reported and can naturally differ from exporter-reported data due to CIF/FOB scope, freight, insurance, timing, revisions, and classification differences. Mirror gap is a benchmark signal only; it is not transaction price, confirmed premium, margin, or profit."
A,2025-01-01,2025,Spain,ESP,Vietnam,VNM,Import,coffee,coffee_raw_core,090111,Coffee; not roasted or decaffeinated,4500777970.015998,793097517.056,kg,793097517.056,793097.517056,5674.936402,UN Comtrade,https://comtradeapi.un.org/public/v1/preview/C/A/HS?reporterCode=724&partnerCode=704&flowCode=M&cmdCode=090111&period=2025&includeDesc=true,2026-06-03T18:01:25.426Z,ok,ok,0.82,"Mirror import unit value is calculated as SUM(import_value_usd) / SUM(import_quantity_ton). Import data is importer-reported and can naturally differ from exporter-reported data due to CIF/FOB scope, freight, insurance, timing, revisions, and classification differences. Mirror gap is a benchmark signal only; it is not transaction price, confirmed premium, margin, or profit."
A,2025-01-01,2025,Switzerland,CHE,Vietnam,VNM,Import,coffee,coffee_raw_core,090111,Coffee; not roasted or decaffeinated,450276005.66,84974156,kg,84974156,84974.156,5298.975911,UN Comtrade,https://comtradeapi.un.org/public/v1/preview/C/A/HS?reporterCode=757&partnerCode=704&flowCode=M&cmdCode=090111&period=2025&includeDesc=true,2026-06-03T18:01:25.426Z,ok,ok,0.82,"Mirror import unit value is calculated as SUM(import_value_usd) / SUM(import_quantity_ton). Import data is importer-reported and can naturally differ from exporter-reported data due to CIF/FOB scope, freight, insurance, timing, revisions, and classification differences. Mirror gap is a benchmark signal only; it is not transaction price, confirmed premium, margin, or profit."
A,2025-01-01,2025,Türkiye,TUR,Vietnam,VNM,Import,coffee,coffee_raw_core,090111,Coffee; not roasted or decaffeinated,39721504,7796240,kg,7796240,7796.24,5094.956543,UN Comtrade,https://comtradeapi.un.org/public/v1/preview/C/A/HS?reporterCode=792&partnerCode=704&flowCode=M&cmdCode=090111&period=2025&includeDesc=true,2026-06-03T18:01:25.426Z,ok,ok,0.82,"Mirror import unit value is calculated as SUM(import_value_usd) / SUM(import_quantity_ton). Import data is importer-reported and can naturally differ from exporter-reported data due to CIF/FOB scope, freight, insurance, timing, revisions, and classification differences. Mirror gap is a benchmark signal only; it is not transaction price, confirmed premium, margin, or profit."
A,2025-01-01,2025,United Kingdom,GBR,Vietnam,VNM,Import,coffee,coffee_raw_core,090111,Coffee; not roasted or decaffeinated,712155273.167,126222420,kg,126222420,126222.42,5642.066387,UN Comtrade,https://comtradeapi.un.org/public/v1/preview/C/A/HS?reporterCode=826&partnerCode=704&flowCode=M&cmdCode=090111&period=2025&includeDesc=true,2026-06-03T18:01:25.426Z,ok,ok,0.82,"Mirror import unit value is calculated as SUM(import_value_usd) / SUM(import_quantity_ton). Import data is importer-reported and can naturally differ from exporter-reported data due to CIF/FOB scope, freight, insurance, timing, revisions, and classification differences. Mirror gap is a benchmark signal only; it is not transaction price, confirmed premium, margin, or profit."
A,2025-01-01,2025,USA,USA,Vietnam,VNM,Import,coffee,coffee_raw_core,090111,Coffee; not roasted or decaffeinated,508052917,95014322,kg,95014322,95014.322,5347.119322,UN Comtrade,https://comtradeapi.un.org/public/v1/preview/C/A/HS?reporterCode=842&partnerCode=704&flowCode=M&cmdCode=090111&period=2025&includeDesc=true,2026-06-03T18:01:25.426Z,ok,ok,0.82,"Mirror import unit value is calculated as SUM(import_value_usd) / SUM(import_quantity_ton). Import data is importer-reported and can naturally differ from exporter-reported data due to CIF/FOB scope, freight, insurance, timing, revisions, and classification differences. Mirror gap is a benchmark signal only; it is not transaction price, confirmed premium, margin, or profit."
A,2024-01-01,2024,Algeria,DZA,Vietnam,VNM,Import,coffee,coffee_raw_core,090111,Coffee; not roasted or decaffeinated,184802258,37550558.751,kg,37550558.751,37550.558751,4921.424984,UN Comtrade,https://comtradeapi.un.org/public/v1/preview/C/A/HS?reporterCode=12&partnerCode=704&flowCode=M&cmdCode=090111&period=2024&includeDesc=true,2026-06-03T18:01:25.426Z,ok,ok,0.82,"Mirror import unit value is calculated as SUM(import_value_usd) / SUM(import_quantity_ton). Import data is importer-reported and can naturally differ from exporter-reported data due to CIF/FOB scope, freight, insurance, timing, revisions, and classification differences. Mirror gap is a benchmark signal only; it is not transaction price, confirmed premium, margin, or profit."
A,2024-01-01,2024,Australia,AUS,Vietnam,VNM,Import,coffee,coffee_raw_core,090111,Coffee; not roasted or decaffeinated,108810631.428,28308360,kg,28308360,28308.36,3843.763165,UN Comtrade,https://comtradeapi.un.org/public/v1/preview/C/A/HS?reporterCode=36&partnerCode=704&flowCode=M&cmdCode=090111&period=2024&includeDesc=true,2026-06-03T18:01:25.426Z,ok,ok,0.82,"Mirror import unit value is calculated as SUM(import_value_usd) / SUM(import_quantity_ton). Import data is importer-reported and can naturally differ from exporter-reported data due to CIF/FOB scope, freight, insurance, timing, revisions, and classification differences. Mirror gap is a benchmark signal only; it is not transaction price, confirmed premium, margin, or profit."
A,2024-01-01,2024,Belgium,BEL,Vietnam,VNM,Import,coffee,coffee_raw_core,090111,Coffee; not roasted or decaffeinated,56804467.86,15068342.19,kg,15068342.19,15068.34219,3769.788816,UN Comtrade,https://comtradeapi.un.org/public/v1/preview/C/A/HS?reporterCode=56&partnerCode=704&flowCode=M&cmdCode=090111&period=2024&includeDesc=true,2026-06-03T18:01:25.426Z,ok,ok,0.82,"Mirror import unit value is calculated as SUM(import_value_usd) / SUM(import_quantity_ton). Import data is importer-reported and can naturally differ from exporter-reported data due to CIF/FOB scope, freight, insurance, timing, revisions, and classification differences. Mirror gap is a benchmark signal only; it is not transaction price, confirmed premium, margin, or profit."
A,2024-01-01,2024,China,CHN,Vietnam,VNM,Import,coffee,coffee_raw_core,090111,Coffee; not roasted or decaffeinated,92845279,23461061,kg,23461061,23461.061,3957.420297,UN Comtrade,https://comtradeapi.un.org/public/v1/preview/C/A/HS?reporterCode=156&partnerCode=704&flowCode=M&cmdCode=090111&period=2024&includeDesc=true,2026-06-03T18:01:25.426Z,ok,ok,0.82,"Mirror import unit value is calculated as SUM(import_value_usd) / SUM(import_quantity_ton). Import data is importer-reported and can naturally differ from exporter-reported data due to CIF/FOB scope, freight, insurance, timing, revisions, and classification differences. Mirror gap is a benchmark signal only; it is not transaction price, confirmed premium, margin, or profit."
A,2024-01-01,2024,France,FRA,Vietnam,VNM,Import,coffee,coffee_raw_core,090111,Coffee; not roasted or decaffeinated,359742000.235,96431478.916,kg,96431478.916,96431.478916,3730.545298,UN Comtrade,https://comtradeapi.un.org/public/v1/preview/C/A/HS?reporterCode=251&partnerCode=704&flowCode=M&cmdCode=090111&period=2024&includeDesc=true,2026-06-03T18:01:25.426Z,ok,ok,0.82,"Mirror import unit value is calculated as SUM(import_value_usd) / SUM(import_quantity_ton). Import data is importer-reported and can naturally differ from exporter-reported data due to CIF/FOB scope, freight, insurance, timing, revisions, and classification differences. Mirror gap is a benchmark signal only; it is not transaction price, confirmed premium, margin, or profit."
A,2024-01-01,2024,Germany,DEU,Vietnam,VNM,Import,coffee,coffee_raw_core,090111,Coffee; not roasted or decaffeinated,5108650028.538998,1480022042.964,kg,1480022042.964,1480022.042964,3451.73915,UN Comtrade,https://comtradeapi.un.org/public/v1/preview/C/A/HS?reporterCode=276&partnerCode=704&flowCode=M&cmdCode=090111&period=2024&includeDesc=true,2026-06-03T18:01:25.426Z,ok,ok,0.82,"Mirror import unit value is calculated as SUM(import_value_usd) / SUM(import_quantity_ton). Import data is importer-reported and can naturally differ from exporter-reported data due to CIF/FOB scope, freight, insurance, timing, revisions, and classification differences. Mirror gap is a benchmark signal only; it is not transaction price, confirmed premium, margin, or profit."
A,2024-01-01,2024,Italy,ITA,Vietnam,VNM,Import,coffee,coffee_raw_core,090111,Coffee; not roasted or decaffeinated,475026923.176,132751000,kg,132751000,132751,3578.330281,UN Comtrade,https://comtradeapi.un.org/public/v1/preview/C/A/HS?reporterCode=380&partnerCode=704&flowCode=M&cmdCode=090111&period=2024&includeDesc=true,2026-06-03T18:01:25.426Z,ok,ok,0.82,"Mirror import unit value is calculated as SUM(import_value_usd) / SUM(import_quantity_ton). Import data is importer-reported and can naturally differ from exporter-reported data due to CIF/FOB scope, freight, insurance, timing, revisions, and classification differences. Mirror gap is a benchmark signal only; it is not transaction price, confirmed premium, margin, or profit."
A,2024-01-01,2024,Japan,JPN,Vietnam,VNM,Import,coffee,coffee_raw_core,090111,Coffee; not roasted or decaffeinated,351751038.331,96752810,kg,96752810,96752.81,3635.564056,UN Comtrade,https://comtradeapi.un.org/public/v1/preview/C/A/HS?reporterCode=392&partnerCode=704&flowCode=M&cmdCode=090111&period=2024&includeDesc=true,2026-06-03T18:01:25.426Z,ok,ok,0.82,"Mirror import unit value is calculated as SUM(import_value_usd) / SUM(import_quantity_ton). Import data is importer-reported and can naturally differ from exporter-reported data due to CIF/FOB scope, freight, insurance, timing, revisions, and classification differences. Mirror gap is a benchmark signal only; it is not transaction price, confirmed premium, margin, or profit."
A,2024-01-01,2024,Malaysia,MYS,Vietnam,VNM,Import,coffee,coffee_raw_core,090111,Coffee; not roasted or decaffeinated,264503140.256,60679089.78,kg,60679089.78,60679.08978,4359.049241,UN Comtrade,https://comtradeapi.un.org/public/v1/preview/C/A/HS?reporterCode=458&partnerCode=704&flowCode=M&cmdCode=090111&period=2024&includeDesc=true,2026-06-03T18:01:25.426Z,ok,ok,0.82,"Mirror import unit value is calculated as SUM(import_value_usd) / SUM(import_quantity_ton). Import data is importer-reported and can naturally differ from exporter-reported data due to CIF/FOB scope, freight, insurance, timing, revisions, and classification differences. Mirror gap is a benchmark signal only; it is not transaction price, confirmed premium, margin, or profit."
A,2024-01-01,2024,Netherlands,NLD,Vietnam,VNM,Import,coffee,coffee_raw_core,090111,Coffee; not roasted or decaffeinated,112741638.43,30747300,kg,30747300,30747.3,3666.716701,UN Comtrade,https://comtradeapi.un.org/public/v1/preview/C/A/HS?reporterCode=528&partnerCode=704&flowCode=M&cmdCode=090111&period=2024&includeDesc=true,2026-06-03T18:01:25.426Z,ok,ok,0.82,"Mirror import unit value is calculated as SUM(import_value_usd) / SUM(import_quantity_ton). Import data is importer-reported and can naturally differ from exporter-reported data due to CIF/FOB scope, freight, insurance, timing, revisions, and classification differences. Mirror gap is a benchmark signal only; it is not transaction price, confirmed premium, margin, or profit."
A,2024-01-01,2024,Philippines,PHL,Vietnam,VNM,Import,coffee,coffee_raw_core,090111,Coffee; not roasted or decaffeinated,152755754,40569597,kg,40569597,40569.597,3765.276594,UN Comtrade,https://comtradeapi.un.org/public/v1/preview/C/A/HS?reporterCode=608&partnerCode=704&flowCode=M&cmdCode=090111&period=2024&includeDesc=true,2026-06-03T18:01:25.426Z,ok,ok,0.82,"Mirror import unit value is calculated as SUM(import_value_usd) / SUM(import_quantity_ton). Import data is importer-reported and can naturally differ from exporter-reported data due to CIF/FOB scope, freight, insurance, timing, revisions, and classification differences. Mirror gap is a benchmark signal only; it is not transaction price, confirmed premium, margin, or profit."
A,2024-01-01,2024,Rep. of Korea,KOR,Vietnam,VNM,Import,coffee,coffee_raw_core,090111,Coffee; not roasted or decaffeinated,108355139,27763409,kg,27763409,27763.409,3902.803831,UN Comtrade,https://comtradeapi.un.org/public/v1/preview/C/A/HS?reporterCode=410&partnerCode=704&flowCode=M&cmdCode=090111&period=2024&includeDesc=true,2026-06-03T18:01:25.426Z,ok,ok,0.82,"Mirror import unit value is calculated as SUM(import_value_usd) / SUM(import_quantity_ton). Import data is importer-reported and can naturally differ from exporter-reported data due to CIF/FOB scope, freight, insurance, timing, revisions, and classification differences. Mirror gap is a benchmark signal only; it is not transaction price, confirmed premium, margin, or profit."
A,2024-01-01,2024,Spain,ESP,Vietnam,VNM,Import,coffee,coffee_raw_core,090111,Coffee; not roasted or decaffeinated,2835595036.640998,749065646.08,kg,749065646.08,749065.64608,3785.50939,UN Comtrade,https://comtradeapi.un.org/public/v1/preview/C/A/HS?reporterCode=724&partnerCode=704&flowCode=M&cmdCode=090111&period=2024&includeDesc=true,2026-06-03T18:01:25.426Z,ok,ok,0.82,"Mirror import unit value is calculated as SUM(import_value_usd) / SUM(import_quantity_ton). Import data is importer-reported and can naturally differ from exporter-reported data due to CIF/FOB scope, freight, insurance, timing, revisions, and classification differences. Mirror gap is a benchmark signal only; it is not transaction price, confirmed premium, margin, or profit."
A,2024-01-01,2024,Switzerland,CHE,Vietnam,VNM,Import,coffee,coffee_raw_core,090111,Coffee; not roasted or decaffeinated,259158078.562,70779524,kg,70779524,70779.524,3661.483773,UN Comtrade,https://comtradeapi.un.org/public/v1/preview/C/A/HS?reporterCode=757&partnerCode=704&flowCode=M&cmdCode=090111&period=2024&includeDesc=true,2026-06-03T18:01:25.426Z,ok,ok,0.82,"Mirror import unit value is calculated as SUM(import_value_usd) / SUM(import_quantity_ton). Import data is importer-reported and can naturally differ from exporter-reported data due to CIF/FOB scope, freight, insurance, timing, revisions, and classification differences. Mirror gap is a benchmark signal only; it is not transaction price, confirmed premium, margin, or profit."
A,2024-01-01,2024,Thailand,THA,Vietnam,VNM,Import,coffee,coffee_raw_core,090111,Coffee; not roasted or decaffeinated,581726131.68,146815740.232,kg,146815740.232,146815.740232,3962.287223,UN Comtrade,https://comtradeapi.un.org/public/v1/preview/C/A/HS?reporterCode=764&partnerCode=704&flowCode=M&cmdCode=090111&period=2024&includeDesc=true,2026-06-03T18:01:25.426Z,ok,ok,0.82,"Mirror import unit value is calculated as SUM(import_value_usd) / SUM(import_quantity_ton). Import data is importer-reported and can naturally differ from exporter-reported data due to CIF/FOB scope, freight, insurance, timing, revisions, and classification differences. Mirror gap is a benchmark signal only; it is not transaction price, confirmed premium, margin, or profit."
A,2024-01-01,2024,Türkiye,TUR,Vietnam,VNM,Import,coffee,coffee_raw_core,090111,Coffee; not roasted or decaffeinated,14903216,4542976,kg,4542976,4542.976,3280.496309,UN Comtrade,https://comtradeapi.un.org/public/v1/preview/C/A/HS?reporterCode=792&partnerCode=704&flowCode=M&cmdCode=090111&period=2024&includeDesc=true,2026-06-03T18:01:25.426Z,ok,ok,0.82,"Mirror import unit value is calculated as SUM(import_value_usd) / SUM(import_quantity_ton). Import data is importer-reported and can naturally differ from exporter-reported data due to CIF/FOB scope, freight, insurance, timing, revisions, and classification differences. Mirror gap is a benchmark signal only; it is not transaction price, confirmed premium, margin, or profit."
A,2024-01-01,2024,Ukraine,UKR,Vietnam,VNM,Import,coffee,coffee_raw_core,090111,Coffee; not roasted or decaffeinated,33875156.88,8847780,kg,8847780,8847.78,3828.661752,UN Comtrade,https://comtradeapi.un.org/public/v1/preview/C/A/HS?reporterCode=804&partnerCode=704&flowCode=M&cmdCode=090111&period=2024&includeDesc=true,2026-06-03T18:01:25.426Z,ok,ok,0.82,"Mirror import unit value is calculated as SUM(import_value_usd) / SUM(import_quantity_ton). Import data is importer-reported and can naturally differ from exporter-reported data due to CIF/FOB scope, freight, insurance, timing, revisions, and classification differences. Mirror gap is a benchmark signal only; it is not transaction price, confirmed premium, margin, or profit."
A,2024-01-01,2024,United Kingdom,GBR,Vietnam,VNM,Import,coffee,coffee_raw_core,090111,Coffee; not roasted or decaffeinated,378971875.339,98999152,kg,98999152,98999.152,3828.03153,UN Comtrade,https://comtradeapi.un.org/public/v1/preview/C/A/HS?reporterCode=826&partnerCode=704&flowCode=M&cmdCode=090111&period=2024&includeDesc=true,2026-06-03T18:01:25.426Z,ok,ok,0.82,"Mirror import unit value is calculated as SUM(import_value_usd) / SUM(import_quantity_ton). Import data is importer-reported and can naturally differ from exporter-reported data due to CIF/FOB scope, freight, insurance, timing, revisions, and classification differences. Mirror gap is a benchmark signal only; it is not transaction price, confirmed premium, margin, or profit."
A,2024-01-01,2024,USA,USA,Vietnam,VNM,Import,coffee,coffee_raw_core,090111,Coffee; not roasted or decaffeinated,331956844,91936922,kg,91936922,91936.922,3610.702173,UN Comtrade,https://comtradeapi.un.org/public/v1/preview/C/A/HS?reporterCode=842&partnerCode=704&flowCode=M&cmdCode=090111&period=2024&includeDesc=true,2026-06-03T18:01:25.426Z,ok,ok,0.82,"Mirror import unit value is calculated as SUM(import_value_usd) / SUM(import_quantity_ton). Import data is importer-reported and can naturally differ from exporter-reported data due to CIF/FOB scope, freight, insurance, timing, revisions, and classification differences. Mirror gap is a benchmark signal only; it is not transaction price, confirmed premium, margin, or profit."
A,2023-01-01,2023,Australia,AUS,Vietnam,VNM,Import,coffee,coffee_raw_core,090111,Coffee; not roasted or decaffeinated,64393502.462,24919332,kg,24919332,24919.332,2584.078195,UN Comtrade,https://comtradeapi.un.org/public/v1/preview/C/A/HS?reporterCode=36&partnerCode=704&flowCode=M&cmdCode=090111&period=2023&includeDesc=true,2026-06-03T18:01:25.426Z,ok,ok,0.82,"Mirror import unit value is calculated as SUM(import_value_usd) / SUM(import_quantity_ton). Import data is importer-reported and can naturally differ from exporter-reported data due to CIF/FOB scope, freight, insurance, timing, revisions, and classification differences. Mirror gap is a benchmark signal only; it is not transaction price, confirmed premium, margin, or profit."
A,2023-01-01,2023,Belgium,BEL,Vietnam,VNM,Import,coffee,coffee_raw_core,090111,Coffee; not roasted or decaffeinated,75259510.018,28560118.98,kg,28560118.98,28560.11898,2635.125928,UN Comtrade,https://comtradeapi.un.org/public/v1/preview/C/A/HS?reporterCode=56&partnerCode=704&flowCode=M&cmdCode=090111&period=2023&includeDesc=true,2026-06-03T18:01:25.426Z,ok,ok,0.82,"Mirror import unit value is calculated as SUM(import_value_usd) / SUM(import_quantity_ton). Import data is importer-reported and can naturally differ from exporter-reported data due to CIF/FOB scope, freight, insurance, timing, revisions, and classification differences. Mirror gap is a benchmark signal only; it is not transaction price, confirmed premium, margin, or profit."
A,2023-01-01,2023,China,CHN,Vietnam,VNM,Import,coffee,coffee_raw_core,090111,Coffee; not roasted or decaffeinated,31596370,14061572,kg,14061572,14061.572,2247.00126,UN Comtrade,https://comtradeapi.un.org/public/v1/preview/C/A/HS?reporterCode=156&partnerCode=704&flowCode=M&cmdCode=090111&period=2023&includeDesc=true,2026-06-03T18:01:25.426Z,ok,ok,0.82,"Mirror import unit value is calculated as SUM(import_value_usd) / SUM(import_quantity_ton). Import data is importer-reported and can naturally differ from exporter-reported data due to CIF/FOB scope, freight, insurance, timing, revisions, and classification differences. Mirror gap is a benchmark signal only; it is not transaction price, confirmed premium, margin, or profit."
A,2023-01-01,2023,France,FRA,Vietnam,VNM,Import,coffee,coffee_raw_core,090111,Coffee; not roasted or decaffeinated,347721741.004,134316342.459,kg,134316342.459,134316.342459,2588.826755,UN Comtrade,https://comtradeapi.un.org/public/v1/preview/C/A/HS?reporterCode=251&partnerCode=704&flowCode=M&cmdCode=090111&period=2023&includeDesc=true,2026-06-03T18:01:25.426Z,ok,ok,0.82,"Mirror import unit value is calculated as SUM(import_value_usd) / SUM(import_quantity_ton). Import data is importer-reported and can naturally differ from exporter-reported data due to CIF/FOB scope, freight, insurance, timing, revisions, and classification differences. Mirror gap is a benchmark signal only; it is not transaction price, confirmed premium, margin, or profit."
A,2023-01-01,2023,Germany,DEU,Vietnam,VNM,Import,coffee,coffee_raw_core,090111,Coffee; not roasted or decaffeinated,3648755031.917999,1587221930.3,kg,1587221930.3,1587221.9303,2298.831034,UN Comtrade,https://comtradeapi.un.org/public/v1/preview/C/A/HS?reporterCode=276&partnerCode=704&flowCode=M&cmdCode=090111&period=2023&includeDesc=true,2026-06-03T18:01:25.426Z,ok,ok,0.82,"Mirror import unit value is calculated as SUM(import_value_usd) / SUM(import_quantity_ton). Import data is importer-reported and can naturally differ from exporter-reported data due to CIF/FOB scope, freight, insurance, timing, revisions, and classification differences. Mirror gap is a benchmark signal only; it is not transaction price, confirmed premium, margin, or profit."
A,2023-01-01,2023,Italy,ITA,Vietnam,VNM,Import,coffee,coffee_raw_core,090111,Coffee; not roasted or decaffeinated,371128793.628,149363483,kg,149363483,149363.483,2484.735801,UN Comtrade,https://comtradeapi.un.org/public/v1/preview/C/A/HS?reporterCode=380&partnerCode=704&flowCode=M&cmdCode=090111&period=2023&includeDesc=true,2026-06-03T18:01:25.426Z,ok,ok,0.82,"Mirror import unit value is calculated as SUM(import_value_usd) / SUM(import_quantity_ton). Import data is importer-reported and can naturally differ from exporter-reported data due to CIF/FOB scope, freight, insurance, timing, revisions, and classification differences. Mirror gap is a benchmark signal only; it is not transaction price, confirmed premium, margin, or profit."
A,2023-01-01,2023,Japan,JPN,Vietnam,VNM,Import,coffee,coffee_raw_core,090111,Coffee; not roasted or decaffeinated,239270767.718,98725900,kg,98725900,98725.9,2423.586594,UN Comtrade,https://comtradeapi.un.org/public/v1/preview/C/A/HS?reporterCode=392&partnerCode=704&flowCode=M&cmdCode=090111&period=2023&includeDesc=true,2026-06-03T18:01:25.426Z,ok,ok,0.82,"Mirror import unit value is calculated as SUM(import_value_usd) / SUM(import_quantity_ton). Import data is importer-reported and can naturally differ from exporter-reported data due to CIF/FOB scope, freight, insurance, timing, revisions, and classification differences. Mirror gap is a benchmark signal only; it is not transaction price, confirmed premium, margin, or profit."
A,2023-01-01,2023,Malaysia,MYS,Vietnam,VNM,Import,coffee,coffee_raw_core,090111,Coffee; not roasted or decaffeinated,116598578.906,48757365,kg,48757365,48757.365,2391.404435,UN Comtrade,https://comtradeapi.un.org/public/v1/preview/C/A/HS?reporterCode=458&partnerCode=704&flowCode=M&cmdCode=090111&period=2023&includeDesc=true,2026-06-03T18:01:25.426Z,ok,ok,0.82,"Mirror import unit value is calculated as SUM(import_value_usd) / SUM(import_quantity_ton). Import data is importer-reported and can naturally differ from exporter-reported data due to CIF/FOB scope, freight, insurance, timing, revisions, and classification differences. Mirror gap is a benchmark signal only; it is not transaction price, confirmed premium, margin, or profit."
A,2023-01-01,2023,Netherlands,NLD,Vietnam,VNM,Import,coffee,coffee_raw_core,090111,Coffee; not roasted or decaffeinated,84134869.396,31136200,kg,31136200,31136.2,2702.155992,UN Comtrade,https://comtradeapi.un.org/public/v1/preview/C/A/HS?reporterCode=528&partnerCode=704&flowCode=M&cmdCode=090111&period=2023&includeDesc=true,2026-06-03T18:01:25.426Z,ok,ok,0.82,"Mirror import unit value is calculated as SUM(import_value_usd) / SUM(import_quantity_ton). Import data is importer-reported and can naturally differ from exporter-reported data due to CIF/FOB scope, freight, insurance, timing, revisions, and classification differences. Mirror gap is a benchmark signal only; it is not transaction price, confirmed premium, margin, or profit."
A,2023-01-01,2023,Philippines,PHL,Vietnam,VNM,Import,coffee,coffee_raw_core,090111,Coffee; not roasted or decaffeinated,100077715,21464681.191,kg,21464681.191,21464.681191,4662.436591,UN Comtrade,https://comtradeapi.un.org/public/v1/preview/C/A/HS?reporterCode=608&partnerCode=704&flowCode=M&cmdCode=090111&period=2023&includeDesc=true,2026-06-03T18:01:25.426Z,ok,ok,0.82,"Mirror import unit value is calculated as SUM(import_value_usd) / SUM(import_quantity_ton). Import data is importer-reported and can naturally differ from exporter-reported data due to CIF/FOB scope, freight, insurance, timing, revisions, and classification differences. Mirror gap is a benchmark signal only; it is not transaction price, confirmed premium, margin, or profit."
A,2023-01-01,2023,Rep. of Korea,KOR,Vietnam,VNM,Import,coffee,coffee_raw_core,090111,Coffee; not roasted or decaffeinated,74856871,31402220,kg,31402220,31402.22,2383.808247,UN Comtrade,https://comtradeapi.un.org/public/v1/preview/C/A/HS?reporterCode=410&partnerCode=704&flowCode=M&cmdCode=090111&period=2023&includeDesc=true,2026-06-03T18:01:25.426Z,ok,ok,0.82,"Mirror import unit value is calculated as SUM(import_value_usd) / SUM(import_quantity_ton). Import data is importer-reported and can naturally differ from exporter-reported data due to CIF/FOB scope, freight, insurance, timing, revisions, and classification differences. Mirror gap is a benchmark signal only; it is not transaction price, confirmed premium, margin, or profit."
A,2023-01-01,2023,Spain,ESP,Vietnam,VNM,Import,coffee,coffee_raw_core,090111,Coffee; not roasted or decaffeinated,2159439509.117,850433551.44,kg,850433551.44,850433.55144,2539.221913,UN Comtrade,https://comtradeapi.un.org/public/v1/preview/C/A/HS?reporterCode=724&partnerCode=704&flowCode=M&cmdCode=090111&period=2023&includeDesc=true,2026-06-03T18:01:25.426Z,ok,ok,0.82,"Mirror import unit value is calculated as SUM(import_value_usd) / SUM(import_quantity_ton). Import data is importer-reported and can naturally differ from exporter-reported data due to CIF/FOB scope, freight, insurance, timing, revisions, and classification differences. Mirror gap is a benchmark signal only; it is not transaction price, confirmed premium, margin, or profit."
A,2023-01-01,2023,Switzerland,CHE,Vietnam,VNM,Import,coffee,coffee_raw_core,090111,Coffee; not roasted or decaffeinated,173933681.644,68157844,kg,68157844,68157.844,2551.924642,UN Comtrade,https://comtradeapi.un.org/public/v1/preview/C/A/HS?reporterCode=757&partnerCode=704&flowCode=M&cmdCode=090111&period=2023&includeDesc=true,2026-06-03T18:01:25.426Z,ok,ok,0.82,"Mirror import unit value is calculated as SUM(import_value_usd) / SUM(import_quantity_ton). Import data is importer-reported and can naturally differ from exporter-reported data due to CIF/FOB scope, freight, insurance, timing, revisions, and classification differences. Mirror gap is a benchmark signal only; it is not transaction price, confirmed premium, margin, or profit."
A,2023-01-01,2023,Thailand,THA,Vietnam,VNM,Import,coffee,coffee_raw_core,090111,Coffee; not roasted or decaffeinated,486281253.096,174882088,kg,174882088,174882.088,2780.623554,UN Comtrade,https://comtradeapi.un.org/public/v1/preview/C/A/HS?reporterCode=764&partnerCode=704&flowCode=M&cmdCode=090111&period=2023&includeDesc=true,2026-06-03T18:01:25.426Z,ok,ok,0.82,"Mirror import unit value is calculated as SUM(import_value_usd) / SUM(import_quantity_ton). Import data is importer-reported and can naturally differ from exporter-reported data due to CIF/FOB scope, freight, insurance, timing, revisions, and classification differences. Mirror gap is a benchmark signal only; it is not transaction price, confirmed premium, margin, or profit."
A,2023-01-01,2023,Türkiye,TUR,Vietnam,VNM,Import,coffee,coffee_raw_core,090111,Coffee; not roasted or decaffeinated,26755384,11293992,kg,11293992,11293.992,2368.992647,UN Comtrade,https://comtradeapi.un.org/public/v1/preview/C/A/HS?reporterCode=792&partnerCode=704&flowCode=M&cmdCode=090111&period=2023&includeDesc=true,2026-06-03T18:01:25.426Z,ok,ok,0.82,"Mirror import unit value is calculated as SUM(import_value_usd) / SUM(import_quantity_ton). Import data is importer-reported and can naturally differ from exporter-reported data due to CIF/FOB scope, freight, insurance, timing, revisions, and classification differences. Mirror gap is a benchmark signal only; it is not transaction price, confirmed premium, margin, or profit."
A,2023-01-01,2023,Ukraine,UKR,Vietnam,VNM,Import,coffee,coffee_raw_core,090111,Coffee; not roasted or decaffeinated,20342114.27,7441884.34,kg,7441884.34,7441.88434,2733.462836,UN Comtrade,https://comtradeapi.un.org/public/v1/preview/C/A/HS?reporterCode=804&partnerCode=704&flowCode=M&cmdCode=090111&period=2023&includeDesc=true,2026-06-03T18:01:25.426Z,ok,ok,0.82,"Mirror import unit value is calculated as SUM(import_value_usd) / SUM(import_quantity_ton). Import data is importer-reported and can naturally differ from exporter-reported data due to CIF/FOB scope, freight, insurance, timing, revisions, and classification differences. Mirror gap is a benchmark signal only; it is not transaction price, confirmed premium, margin, or profit."
A,2023-01-01,2023,United Kingdom,GBR,Vietnam,VNM,Import,coffee,coffee_raw_core,090111,Coffee; not roasted or decaffeinated,359869261.151,143629328,kg,143629328,143629.328,2505.541634,UN Comtrade,https://comtradeapi.un.org/public/v1/preview/C/A/HS?reporterCode=826&partnerCode=704&flowCode=M&cmdCode=090111&period=2023&includeDesc=true,2026-06-03T18:01:25.426Z,ok,ok,0.82,"Mirror import unit value is calculated as SUM(import_value_usd) / SUM(import_quantity_ton). Import data is importer-reported and can naturally differ from exporter-reported data due to CIF/FOB scope, freight, insurance, timing, revisions, and classification differences. Mirror gap is a benchmark signal only; it is not transaction price, confirmed premium, margin, or profit."
A,2023-01-01,2023,USA,USA,Vietnam,VNM,Import,coffee,coffee_raw_core,090111,Coffee; not roasted or decaffeinated,339205217,136134286,kg,136134286,136134.286,2491.695714,UN Comtrade,https://comtradeapi.un.org/public/v1/preview/C/A/HS?reporterCode=842&partnerCode=704&flowCode=M&cmdCode=090111&period=2023&includeDesc=true,2026-06-03T18:01:25.426Z,ok,ok,0.82,"Mirror import unit value is calculated as SUM(import_value_usd) / SUM(import_quantity_ton). Import data is importer-reported and can naturally differ from exporter-reported data due to CIF/FOB scope, freight, insurance, timing, revisions, and classification differences. Mirror gap is a benchmark signal only; it is not transaction price, confirmed premium, margin, or profit."
A,2022-01-01,2022,Australia,AUS,Vietnam,VNM,Import,coffee,coffee_raw_core,090111,Coffee; not roasted or decaffeinated,100929957.624,42457748,kg,42457748,42457.748,2377.185847,UN Comtrade,https://comtradeapi.un.org/public/v1/preview/C/A/HS?reporterCode=36&partnerCode=704&flowCode=M&cmdCode=090111&period=2022&includeDesc=true,2026-06-03T18:01:25.426Z,ok,ok,0.82,"Mirror import unit value is calculated as SUM(import_value_usd) / SUM(import_quantity_ton). Import data is importer-reported and can naturally differ from exporter-reported data due to CIF/FOB scope, freight, insurance, timing, revisions, and classification differences. Mirror gap is a benchmark signal only; it is not transaction price, confirmed premium, margin, or profit."
A,2022-01-01,2022,Belgium,BEL,Vietnam,VNM,Import,coffee,coffee_raw_core,090111,Coffee; not roasted or decaffeinated,78485823.264,27026116.28,kg,27026116.28,27026.11628,2904.073321,UN Comtrade,https://comtradeapi.un.org/public/v1/preview/C/A/HS?reporterCode=56&partnerCode=704&flowCode=M&cmdCode=090111&period=2022&includeDesc=true,2026-06-03T18:01:25.426Z,ok,ok,0.82,"Mirror import unit value is calculated as SUM(import_value_usd) / SUM(import_quantity_ton). Import data is importer-reported and can naturally differ from exporter-reported data due to CIF/FOB scope, freight, insurance, timing, revisions, and classification differences. Mirror gap is a benchmark signal only; it is not transaction price, confirmed premium, margin, or profit."
A,2022-01-01,2022,China,CHN,Vietnam,VNM,Import,coffee,coffee_raw_core,090111,Coffee; not roasted or decaffeinated,48007225,23147623,kg,23147623,23147.623,2073.959171,UN Comtrade,https://comtradeapi.un.org/public/v1/preview/C/A/HS?reporterCode=156&partnerCode=704&flowCode=M&cmdCode=090111&period=2022&includeDesc=true,2026-06-03T18:01:25.426Z,ok,ok,0.82,"Mirror import unit value is calculated as SUM(import_value_usd) / SUM(import_quantity_ton). Import data is importer-reported and can naturally differ from exporter-reported data due to CIF/FOB scope, freight, insurance, timing, revisions, and classification differences. Mirror gap is a benchmark signal only; it is not transaction price, confirmed premium, margin, or profit."
A,2022-01-01,2022,France,FRA,Vietnam,VNM,Import,coffee,coffee_raw_core,090111,Coffee; not roasted or decaffeinated,286467005.011,113432353.368,kg,113432353.368,113432.353368,2525.443549,UN Comtrade,https://comtradeapi.un.org/public/v1/preview/C/A/HS?reporterCode=251&partnerCode=704&flowCode=M&cmdCode=090111&period=2022&includeDesc=true,2026-06-03T18:01:25.426Z,ok,ok,0.82,"Mirror import unit value is calculated as SUM(import_value_usd) / SUM(import_quantity_ton). Import data is importer-reported and can naturally differ from exporter-reported data due to CIF/FOB scope, freight, insurance, timing, revisions, and classification differences. Mirror gap is a benchmark signal only; it is not transaction price, confirmed premium, margin, or profit."
A,2022-01-01,2022,Germany,DEU,Vietnam,VNM,Import,coffee,coffee_raw_core,090111,Coffee; not roasted or decaffeinated,4154926297.161,1849683542.356,kg,1849683542.356,1849683.542356,2246.290353,UN Comtrade,https://comtradeapi.un.org/public/v1/preview/C/A/HS?reporterCode=276&partnerCode=704&flowCode=M&cmdCode=090111&period=2022&includeDesc=true,2026-06-03T18:01:25.426Z,ok,ok,0.82,"Mirror import unit value is calculated as SUM(import_value_usd) / SUM(import_quantity_ton). Import data is importer-reported and can naturally differ from exporter-reported data due to CIF/FOB scope, freight, insurance, timing, revisions, and classification differences. Mirror gap is a benchmark signal only; it is not transaction price, confirmed premium, margin, or profit."
A,2022-01-01,2022,Italy,ITA,Vietnam,VNM,Import,coffee,coffee_raw_core,090111,Coffee; not roasted or decaffeinated,366470691.319,150352000,kg,150352000,150352,2437.418134,UN Comtrade,https://comtradeapi.un.org/public/v1/preview/C/A/HS?reporterCode=380&partnerCode=704&flowCode=M&cmdCode=090111&period=2022&includeDesc=true,2026-06-03T18:01:25.426Z,ok,ok,0.82,"Mirror import unit value is calculated as SUM(import_value_usd) / SUM(import_quantity_ton). Import data is importer-reported and can naturally differ from exporter-reported data due to CIF/FOB scope, freight, insurance, timing, revisions, and classification differences. Mirror gap is a benchmark signal only; it is not transaction price, confirmed premium, margin, or profit."
A,2022-01-01,2022,Japan,JPN,Vietnam,VNM,Import,coffee,coffee_raw_core,090111,Coffee; not roasted or decaffeinated,223483730.14,105217000,kg,105217000,105217,2124.026822,UN Comtrade,https://comtradeapi.un.org/public/v1/preview/C/A/HS?reporterCode=392&partnerCode=704&flowCode=M&cmdCode=090111&period=2022&includeDesc=true,2026-06-03T18:01:25.426Z,ok,ok,0.82,"Mirror import unit value is calculated as SUM(import_value_usd) / SUM(import_quantity_ton). Import data is importer-reported and can naturally differ from exporter-reported data due to CIF/FOB scope, freight, insurance, timing, revisions, and classification differences. Mirror gap is a benchmark signal only; it is not transaction price, confirmed premium, margin, or profit."
A,2022-01-01,2022,Malaysia,MYS,Vietnam,VNM,Import,coffee,coffee_raw_core,090111,Coffee; not roasted or decaffeinated,158927549.355,73210800,kg,73210800,73210.8,2170.8211,UN Comtrade,https://comtradeapi.un.org/public/v1/preview/C/A/HS?reporterCode=458&partnerCode=704&flowCode=M&cmdCode=090111&period=2022&includeDesc=true,2026-06-03T18:01:25.426Z,ok,ok,0.82,"Mirror import unit value is calculated as SUM(import_value_usd) / SUM(import_quantity_ton). Import data is importer-reported and can naturally differ from exporter-reported data due to CIF/FOB scope, freight, insurance, timing, revisions, and classification differences. Mirror gap is a benchmark signal only; it is not transaction price, confirmed premium, margin, or profit."
A,2022-01-01,2022,Netherlands,NLD,Vietnam,VNM,Import,coffee,coffee_raw_core,090111,Coffee; not roasted or decaffeinated,37434341.346,14360300,kg,14360300,14360.3,2606.793824,UN Comtrade,https://comtradeapi.un.org/public/v1/preview/C/A/HS?reporterCode=528&partnerCode=704&flowCode=M&cmdCode=090111&period=2022&includeDesc=true,2026-06-03T18:01:25.426Z,ok,ok,0.82,"Mirror import unit value is calculated as SUM(import_value_usd) / SUM(import_quantity_ton). Import data is importer-reported and can naturally differ from exporter-reported data due to CIF/FOB scope, freight, insurance, timing, revisions, and classification differences. Mirror gap is a benchmark signal only; it is not transaction price, confirmed premium, margin, or profit."
A,2022-01-01,2022,Philippines,PHL,Vietnam,VNM,Import,coffee,coffee_raw_core,090111,Coffee; not roasted or decaffeinated,97057675,18995705.432,kg,18995705.432,18995.705432,5109.453573,UN Comtrade,https://comtradeapi.un.org/public/v1/preview/C/A/HS?reporterCode=608&partnerCode=704&flowCode=M&cmdCode=090111&period=2022&includeDesc=true,2026-06-03T18:01:25.426Z,ok,ok,0.82,"Mirror import unit value is calculated as SUM(import_value_usd) / SUM(import_quantity_ton). Import data is importer-reported and can naturally differ from exporter-reported data due to CIF/FOB scope, freight, insurance, timing, revisions, and classification differences. Mirror gap is a benchmark signal only; it is not transaction price, confirmed premium, margin, or profit."
A,2022-01-01,2022,Rep. of Korea,KOR,Vietnam,VNM,Import,coffee,coffee_raw_core,090111,Coffee; not roasted or decaffeinated,71601926,31330050,kg,31330050,31330.05,2285.407333,UN Comtrade,https://comtradeapi.un.org/public/v1/preview/C/A/HS?reporterCode=410&partnerCode=704&flowCode=M&cmdCode=090111&period=2022&includeDesc=true,2026-06-03T18:01:25.426Z,ok,ok,0.82,"Mirror import unit value is calculated as SUM(import_value_usd) / SUM(import_quantity_ton). Import data is importer-reported and can naturally differ from exporter-reported data due to CIF/FOB scope, freight, insurance, timing, revisions, and classification differences. Mirror gap is a benchmark signal only; it is not transaction price, confirmed premium, margin, or profit."
A,2022-01-01,2022,Spain,ESP,Vietnam,VNM,Import,coffee,coffee_raw_core,090111,Coffee; not roasted or decaffeinated,1808779587.979999,751486533.36,kg,751486533.36,751486.53336,2406.935464,UN Comtrade,https://comtradeapi.un.org/public/v1/preview/C/A/HS?reporterCode=724&partnerCode=704&flowCode=M&cmdCode=090111&period=2022&includeDesc=true,2026-06-03T18:01:25.426Z,ok,ok,0.82,"Mirror import unit value is calculated as SUM(import_value_usd) / SUM(import_quantity_ton). Import data is importer-reported and can naturally differ from exporter-reported data due to CIF/FOB scope, freight, insurance, timing, revisions, and classification differences. Mirror gap is a benchmark signal only; it is not transaction price, confirmed premium, margin, or profit."
A,2022-01-01,2022,Switzerland,CHE,Vietnam,VNM,Import,coffee,coffee_raw_core,090111,Coffee; not roasted or decaffeinated,161962200.408,69299092,kg,69299092,69299.092,2337.147511,UN Comtrade,https://comtradeapi.un.org/public/v1/preview/C/A/HS?reporterCode=757&partnerCode=704&flowCode=M&cmdCode=090111&period=2022&includeDesc=true,2026-06-03T18:01:25.426Z,ok,ok,0.82,"Mirror import unit value is calculated as SUM(import_value_usd) / SUM(import_quantity_ton). Import data is importer-reported and can naturally differ from exporter-reported data due to CIF/FOB scope, freight, insurance, timing, revisions, and classification differences. Mirror gap is a benchmark signal only; it is not transaction price, confirmed premium, margin, or profit."
A,2022-01-01,2022,Thailand,THA,Vietnam,VNM,Import,coffee,coffee_raw_core,090111,Coffee; not roasted or decaffeinated,485941034.314,224176044,kg,224176044,224176.044,2167.676018,UN Comtrade,https://comtradeapi.un.org/public/v1/preview/C/A/HS?reporterCode=764&partnerCode=704&flowCode=M&cmdCode=090111&period=2022&includeDesc=true,2026-06-03T18:01:25.426Z,ok,ok,0.82,"Mirror import unit value is calculated as SUM(import_value_usd) / SUM(import_quantity_ton). Import data is importer-reported and can naturally differ from exporter-reported data due to CIF/FOB scope, freight, insurance, timing, revisions, and classification differences. Mirror gap is a benchmark signal only; it is not transaction price, confirmed premium, margin, or profit."
A,2022-01-01,2022,Türkiye,TUR,Vietnam,VNM,Import,coffee,coffee_raw_core,090111,Coffee; not roasted or decaffeinated,21025608,8483288,kg,8483288,8483.288,2478.473912,UN Comtrade,https://comtradeapi.un.org/public/v1/preview/C/A/HS?reporterCode=792&partnerCode=704&flowCode=M&cmdCode=090111&period=2022&includeDesc=true,2026-06-03T18:01:25.426Z,ok,ok,0.82,"Mirror import unit value is calculated as SUM(import_value_usd) / SUM(import_quantity_ton). Import data is importer-reported and can naturally differ from exporter-reported data due to CIF/FOB scope, freight, insurance, timing, revisions, and classification differences. Mirror gap is a benchmark signal only; it is not transaction price, confirmed premium, margin, or profit."
A,2022-01-01,2022,Ukraine,UKR,Vietnam,VNM,Import,coffee,coffee_raw_core,090111,Coffee; not roasted or decaffeinated,35836511.26,13524310.6,kg,13524310.6,13524.3106,2649.784697,UN Comtrade,https://comtradeapi.un.org/public/v1/preview/C/A/HS?reporterCode=804&partnerCode=704&flowCode=M&cmdCode=090111&period=2022&includeDesc=true,2026-06-03T18:01:25.426Z,ok,ok,0.82,"Mirror import unit value is calculated as SUM(import_value_usd) / SUM(import_quantity_ton). Import data is importer-reported and can naturally differ from exporter-reported data due to CIF/FOB scope, freight, insurance, timing, revisions, and classification differences. Mirror gap is a benchmark signal only; it is not transaction price, confirmed premium, margin, or profit."
A,2022-01-01,2022,United Kingdom,GBR,Vietnam,VNM,Import,coffee,coffee_raw_core,090111,Coffee; not roasted or decaffeinated,448737787.318,211327308,kg,211327308,211327.308,2123.425465,UN Comtrade,https://comtradeapi.un.org/public/v1/preview/C/A/HS?reporterCode=826&partnerCode=704&flowCode=M&cmdCode=090111&period=2022&includeDesc=true,2026-06-03T18:01:25.426Z,ok,ok,0.82,"Mirror import unit value is calculated as SUM(import_value_usd) / SUM(import_quantity_ton). Import data is importer-reported and can naturally differ from exporter-reported data due to CIF/FOB scope, freight, insurance, timing, revisions, and classification differences. Mirror gap is a benchmark signal only; it is not transaction price, confirmed premium, margin, or profit."
A,2022-01-01,2022,USA,USA,Vietnam,VNM,Import,coffee,coffee_raw_core,090111,Coffee; not roasted or decaffeinated,321386983,133497810,kg,133497810,133497.81,2407.432624,UN Comtrade,https://comtradeapi.un.org/public/v1/preview/C/A/HS?reporterCode=842&partnerCode=704&flowCode=M&cmdCode=090111&period=2022&includeDesc=true,2026-06-03T18:01:25.426Z,ok,ok,0.82,"Mirror import unit value is calculated as SUM(import_value_usd) / SUM(import_quantity_ton). Import data is importer-reported and can naturally differ from exporter-reported data due to CIF/FOB scope, freight, insurance, timing, revisions, and classification differences. Mirror gap is a benchmark signal only; it is not transaction price, confirmed premium, margin, or profit."
A,2021-01-01,2021,Australia,AUS,Vietnam,VNM,Import,coffee,coffee_raw_core,090111,Coffee; not roasted or decaffeinated,42427335.566,23961765.8,kg,23961765.8,23961.7658,1770.626419,UN Comtrade,https://comtradeapi.un.org/public/v1/preview/C/A/HS?reporterCode=36&partnerCode=704&flowCode=M&cmdCode=090111&period=2021&includeDesc=true,2026-06-03T18:01:25.426Z,ok,ok,0.82,"Mirror import unit value is calculated as SUM(import_value_usd) / SUM(import_quantity_ton). Import data is importer-reported and can naturally differ from exporter-reported data due to CIF/FOB scope, freight, insurance, timing, revisions, and classification differences. Mirror gap is a benchmark signal only; it is not transaction price, confirmed premium, margin, or profit."
A,2021-01-01,2021,Belgium,BEL,Vietnam,VNM,Import,coffee,coffee_raw_core,090111,Coffee; not roasted or decaffeinated,40229932.277,20332100,kg,20332100,20332.1,1978.641275,UN Comtrade,https://comtradeapi.un.org/public/v1/preview/C/A/HS?reporterCode=56&partnerCode=704&flowCode=M&cmdCode=090111&period=2021&includeDesc=true,2026-06-03T18:01:25.426Z,ok,ok,0.82,"Mirror import unit value is calculated as SUM(import_value_usd) / SUM(import_quantity_ton). Import data is importer-reported and can naturally differ from exporter-reported data due to CIF/FOB scope, freight, insurance, timing, revisions, and classification differences. Mirror gap is a benchmark signal only; it is not transaction price, confirmed premium, margin, or profit."
A,2021-01-01,2021,China,CHN,Vietnam,VNM,Import,coffee,coffee_raw_core,090111,Coffee; not roasted or decaffeinated,54246701,32358490,kg,32358490,32358.49,1676.42869,UN Comtrade,https://comtradeapi.un.org/public/v1/preview/C/A/HS?reporterCode=156&partnerCode=704&flowCode=M&cmdCode=090111&period=2021&includeDesc=true,2026-06-03T18:01:25.426Z,ok,ok,0.82,"Mirror import unit value is calculated as SUM(import_value_usd) / SUM(import_quantity_ton). Import data is importer-reported and can naturally differ from exporter-reported data due to CIF/FOB scope, freight, insurance, timing, revisions, and classification differences. Mirror gap is a benchmark signal only; it is not transaction price, confirmed premium, margin, or profit."
A,2021-01-01,2021,France,FRA,Vietnam,VNM,Import,coffee,coffee_raw_core,090111,Coffee; not roasted or decaffeinated,146982610.386,88799200.044,kg,88799200.044,88799.200044,1655.224488,UN Comtrade,https://comtradeapi.un.org/public/v1/preview/C/A/HS?reporterCode=251&partnerCode=704&flowCode=M&cmdCode=090111&period=2021&includeDesc=true,2026-06-03T18:01:25.426Z,ok,ok,0.82,"Mirror import unit value is calculated as SUM(import_value_usd) / SUM(import_quantity_ton). Import data is importer-reported and can naturally differ from exporter-reported data due to CIF/FOB scope, freight, insurance, timing, revisions, and classification differences. Mirror gap is a benchmark signal only; it is not transaction price, confirmed premium, margin, or profit."
A,2021-01-01,2021,Germany,DEU,Vietnam,VNM,Import,coffee,coffee_raw_core,090111,Coffee; not roasted or decaffeinated,2999754673.055001,1631288059.415999,kg,1631288059.415999,1631288.059416,1838.887164,UN Comtrade,https://comtradeapi.un.org/public/v1/preview/C/A/HS?reporterCode=276&partnerCode=704&flowCode=M&cmdCode=090111&period=2021&includeDesc=true,2026-06-03T18:01:25.426Z,ok,ok,0.82,"Mirror import unit value is calculated as SUM(import_value_usd) / SUM(import_quantity_ton). Import data is importer-reported and can naturally differ from exporter-reported data due to CIF/FOB scope, freight, insurance, timing, revisions, and classification differences. Mirror gap is a benchmark signal only; it is not transaction price, confirmed premium, margin, or profit."
A,2021-01-01,2021,Italy,ITA,Vietnam,VNM,Import,coffee,coffee_raw_core,090111,Coffee; not roasted or decaffeinated,232121435.217,129572000,kg,129572000,129572,1791.447498,UN Comtrade,https://comtradeapi.un.org/public/v1/preview/C/A/HS?reporterCode=380&partnerCode=704&flowCode=M&cmdCode=090111&period=2021&includeDesc=true,2026-06-03T18:01:25.426Z,ok,ok,0.82,"Mirror import unit value is calculated as SUM(import_value_usd) / SUM(import_quantity_ton). Import data is importer-reported and can naturally differ from exporter-reported data due to CIF/FOB scope, freight, insurance, timing, revisions, and classification differences. Mirror gap is a benchmark signal only; it is not transaction price, confirmed premium, margin, or profit."
A,2021-01-01,2021,Japan,JPN,Vietnam,VNM,Import,coffee,coffee_raw_core,090111,Coffee; not roasted or decaffeinated,174934551.311,99847700,kg,99847700,99847.7,1752.01383,UN Comtrade,https://comtradeapi.un.org/public/v1/preview/C/A/HS?reporterCode=392&partnerCode=704&flowCode=M&cmdCode=090111&period=2021&includeDesc=true,2026-06-03T18:01:25.426Z,ok,ok,0.82,"Mirror import unit value is calculated as SUM(import_value_usd) / SUM(import_quantity_ton). Import data is importer-reported and can naturally differ from exporter-reported data due to CIF/FOB scope, freight, insurance, timing, revisions, and classification differences. Mirror gap is a benchmark signal only; it is not transaction price, confirmed premium, margin, or profit."
A,2021-01-01,2021,Malaysia,MYS,Vietnam,VNM,Import,coffee,coffee_raw_core,090111,Coffee; not roasted or decaffeinated,154569798.034,87878100,kg,87878100,87878.1,1758.91147,UN Comtrade,https://comtradeapi.un.org/public/v1/preview/C/A/HS?reporterCode=458&partnerCode=704&flowCode=M&cmdCode=090111&period=2021&includeDesc=true,2026-06-03T18:01:25.426Z,ok,ok,0.82,"Mirror import unit value is calculated as SUM(import_value_usd) / SUM(import_quantity_ton). Import data is importer-reported and can naturally differ from exporter-reported data due to CIF/FOB scope, freight, insurance, timing, revisions, and classification differences. Mirror gap is a benchmark signal only; it is not transaction price, confirmed premium, margin, or profit."
A,2021-01-01,2021,Netherlands,NLD,Vietnam,VNM,Import,coffee,coffee_raw_core,090111,Coffee; not roasted or decaffeinated,19896368.556,9444150,kg,9444150,9444.15,2106.739998,UN Comtrade,https://comtradeapi.un.org/public/v1/preview/C/A/HS?reporterCode=528&partnerCode=704&flowCode=M&cmdCode=090111&period=2021&includeDesc=true,2026-06-03T18:01:25.426Z,ok,ok,0.82,"Mirror import unit value is calculated as SUM(import_value_usd) / SUM(import_quantity_ton). Import data is importer-reported and can naturally differ from exporter-reported data due to CIF/FOB scope, freight, insurance, timing, revisions, and classification differences. Mirror gap is a benchmark signal only; it is not transaction price, confirmed premium, margin, or profit."
A,2021-01-01,2021,Philippines,PHL,Vietnam,VNM,Import,coffee,coffee_raw_core,090111,Coffee; not roasted or decaffeinated,56186651,15907609.605,kg,15907609.605,15907.609605,3532.061221,UN Comtrade,https://comtradeapi.un.org/public/v1/preview/C/A/HS?reporterCode=608&partnerCode=704&flowCode=M&cmdCode=090111&period=2021&includeDesc=true,2026-06-03T18:01:25.426Z,ok,ok,0.82,"Mirror import unit value is calculated as SUM(import_value_usd) / SUM(import_quantity_ton). Import data is importer-reported and can naturally differ from exporter-reported data due to CIF/FOB scope, freight, insurance, timing, revisions, and classification differences. Mirror gap is a benchmark signal only; it is not transaction price, confirmed premium, margin, or profit."
A,2021-01-01,2021,Rep. of Korea,KOR,Vietnam,VNM,Import,coffee,coffee_raw_core,090111,Coffee; not roasted or decaffeinated,54619772,30988150,kg,30988150,30988.15,1762.601898,UN Comtrade,https://comtradeapi.un.org/public/v1/preview/C/A/HS?reporterCode=410&partnerCode=704&flowCode=M&cmdCode=090111&period=2021&includeDesc=true,2026-06-03T18:01:25.426Z,ok,ok,0.82,"Mirror import unit value is calculated as SUM(import_value_usd) / SUM(import_quantity_ton). Import data is importer-reported and can naturally differ from exporter-reported data due to CIF/FOB scope, freight, insurance, timing, revisions, and classification differences. Mirror gap is a benchmark signal only; it is not transaction price, confirmed premium, margin, or profit."
A,2021-01-01,2021,Russian Federation,RUS,Vietnam,VNM,Import,coffee,coffee_raw_core,090111,Coffee; not roasted or decaffeinated,161854912.59,82492046.25,kg,82492046.25,82492.04625,1962.066889,UN Comtrade,https://comtradeapi.un.org/public/v1/preview/C/A/HS?reporterCode=643&partnerCode=704&flowCode=M&cmdCode=090111&period=2021&includeDesc=true,2026-06-03T18:01:25.426Z,ok,ok,0.82,"Mirror import unit value is calculated as SUM(import_value_usd) / SUM(import_quantity_ton). Import data is importer-reported and can naturally differ from exporter-reported data due to CIF/FOB scope, freight, insurance, timing, revisions, and classification differences. Mirror gap is a benchmark signal only; it is not transaction price, confirmed premium, margin, or profit."
A,2021-01-01,2021,Spain,ESP,Vietnam,VNM,Import,coffee,coffee_raw_core,090111,Coffee; not roasted or decaffeinated,1118454277.045,632500797.6,kg,632500797.6,632500.7976,1768.304928,UN Comtrade,https://comtradeapi.un.org/public/v1/preview/C/A/HS?reporterCode=724&partnerCode=704&flowCode=M&cmdCode=090111&period=2021&includeDesc=true,2026-06-03T18:01:25.426Z,ok,ok,0.82,"Mirror import unit value is calculated as SUM(import_value_usd) / SUM(import_quantity_ton). Import data is importer-reported and can naturally differ from exporter-reported data due to CIF/FOB scope, freight, insurance, timing, revisions, and classification differences. Mirror gap is a benchmark signal only; it is not transaction price, confirmed premium, margin, or profit."
A,2021-01-01,2021,Switzerland,CHE,Vietnam,VNM,Import,coffee,coffee_raw_core,090111,Coffee; not roasted or decaffeinated,118945987.248,65137460,kg,65137460,65137.46,1826.076535,UN Comtrade,https://comtradeapi.un.org/public/v1/preview/C/A/HS?reporterCode=757&partnerCode=704&flowCode=M&cmdCode=090111&period=2021&includeDesc=true,2026-06-03T18:01:25.426Z,ok,ok,0.82,"Mirror import unit value is calculated as SUM(import_value_usd) / SUM(import_quantity_ton). Import data is importer-reported and can naturally differ from exporter-reported data due to CIF/FOB scope, freight, insurance, timing, revisions, and classification differences. Mirror gap is a benchmark signal only; it is not transaction price, confirmed premium, margin, or profit."
A,2021-01-01,2021,Thailand,THA,Vietnam,VNM,Import,coffee,coffee_raw_core,090111,Coffee; not roasted or decaffeinated,336847844.141,194891388,kg,194891388,194891.388,1728.387527,UN Comtrade,https://comtradeapi.un.org/public/v1/preview/C/A/HS?reporterCode=764&partnerCode=704&flowCode=M&cmdCode=090111&period=2021&includeDesc=true,2026-06-03T18:01:25.426Z,ok,ok,0.82,"Mirror import unit value is calculated as SUM(import_value_usd) / SUM(import_quantity_ton). Import data is importer-reported and can naturally differ from exporter-reported data due to CIF/FOB scope, freight, insurance, timing, revisions, and classification differences. Mirror gap is a benchmark signal only; it is not transaction price, confirmed premium, margin, or profit."
A,2021-01-01,2021,Türkiye,TUR,Vietnam,VNM,Import,coffee,coffee_raw_core,090111,Coffee; not roasted or decaffeinated,7628200,3673984,kg,3673984,3673.984,2076.274693,UN Comtrade,https://comtradeapi.un.org/public/v1/preview/C/A/HS?reporterCode=792&partnerCode=704&flowCode=M&cmdCode=090111&period=2021&includeDesc=true,2026-06-03T18:01:25.426Z,ok,ok,0.82,"Mirror import unit value is calculated as SUM(import_value_usd) / SUM(import_quantity_ton). Import data is importer-reported and can naturally differ from exporter-reported data due to CIF/FOB scope, freight, insurance, timing, revisions, and classification differences. Mirror gap is a benchmark signal only; it is not transaction price, confirmed premium, margin, or profit."
A,2021-01-01,2021,Ukraine,UKR,Vietnam,VNM,Import,coffee,coffee_raw_core,090111,Coffee; not roasted or decaffeinated,32466142.68,16191200.2,kg,16191200.2,16191.2002,2005.172086,UN Comtrade,https://comtradeapi.un.org/public/v1/preview/C/A/HS?reporterCode=804&partnerCode=704&flowCode=M&cmdCode=090111&period=2021&includeDesc=true,2026-06-03T18:01:25.426Z,ok,ok,0.82,"Mirror import unit value is calculated as SUM(import_value_usd) / SUM(import_quantity_ton). Import data is importer-reported and can naturally differ from exporter-reported data due to CIF/FOB scope, freight, insurance, timing, revisions, and classification differences. Mirror gap is a benchmark signal only; it is not transaction price, confirmed premium, margin, or profit."
A,2021-01-01,2021,United Kingdom,GBR,Vietnam,VNM,Import,coffee,coffee_raw_core,090111,Coffee; not roasted or decaffeinated,243466002.779,130921232,kg,130921232,130921.232,1859.637272,UN Comtrade,https://comtradeapi.un.org/public/v1/preview/C/A/HS?reporterCode=826&partnerCode=704&flowCode=M&cmdCode=090111&period=2021&includeDesc=true,2026-06-03T18:01:25.426Z,ok,ok,0.82,"Mirror import unit value is calculated as SUM(import_value_usd) / SUM(import_quantity_ton). Import data is importer-reported and can naturally differ from exporter-reported data due to CIF/FOB scope, freight, insurance, timing, revisions, and classification differences. Mirror gap is a benchmark signal only; it is not transaction price, confirmed premium, margin, or profit."
A,2021-01-01,2021,USA,USA,Vietnam,VNM,Import,coffee,coffee_raw_core,090111,Coffee; not roasted or decaffeinated,254385296,135146596,kg,135146596,135146.596,1882.291553,UN Comtrade,https://comtradeapi.un.org/public/v1/preview/C/A/HS?reporterCode=842&partnerCode=704&flowCode=M&cmdCode=090111&period=2021&includeDesc=true,2026-06-03T18:01:25.426Z,ok,ok,0.82,"Mirror import unit value is calculated as SUM(import_value_usd) / SUM(import_quantity_ton). Import data is importer-reported and can naturally differ from exporter-reported data due to CIF/FOB scope, freight, insurance, timing, revisions, and classification differences. Mirror gap is a benchmark signal only; it is not transaction price, confirmed premium, margin, or profit."
A,2020-01-01,2020,Australia,AUS,Vietnam,VNM,Import,coffee,coffee_raw_core,090111,Coffee; not roasted or decaffeinated,53351066.598,30331400,kg,30331400,30331.4,1758.93848,UN Comtrade,https://comtradeapi.un.org/public/v1/preview/C/A/HS?reporterCode=36&partnerCode=704&flowCode=M&cmdCode=090111&period=2020&includeDesc=true,2026-06-03T18:01:25.426Z,ok,ok,0.82,"Mirror import unit value is calculated as SUM(import_value_usd) / SUM(import_quantity_ton). Import data is importer-reported and can naturally differ from exporter-reported data due to CIF/FOB scope, freight, insurance, timing, revisions, and classification differences. Mirror gap is a benchmark signal only; it is not transaction price, confirmed premium, margin, or profit."
A,2020-01-01,2020,Belgium,BEL,Vietnam,VNM,Import,coffee,coffee_raw_core,090111,Coffee; not roasted or decaffeinated,55178309.248,30227400,kg,30227400,30227.4,1825.440139,UN Comtrade,https://comtradeapi.un.org/public/v1/preview/C/A/HS?reporterCode=56&partnerCode=704&flowCode=M&cmdCode=090111&period=2020&includeDesc=true,2026-06-03T18:01:25.426Z,ok,ok,0.82,"Mirror import unit value is calculated as SUM(import_value_usd) / SUM(import_quantity_ton). Import data is importer-reported and can naturally differ from exporter-reported data due to CIF/FOB scope, freight, insurance, timing, revisions, and classification differences. Mirror gap is a benchmark signal only; it is not transaction price, confirmed premium, margin, or profit."
A,2020-01-01,2020,China,CHN,Vietnam,VNM,Import,coffee,coffee_raw_core,090111,Coffee; not roasted or decaffeinated,34681093,22759924,kg,22759924,22759.924,1523.778946,UN Comtrade,https://comtradeapi.un.org/public/v1/preview/C/A/HS?reporterCode=156&partnerCode=704&flowCode=M&cmdCode=090111&period=2020&includeDesc=true,2026-06-03T18:01:25.426Z,ok,ok,0.82,"Mirror import unit value is calculated as SUM(import_value_usd) / SUM(import_quantity_ton). Import data is importer-reported and can naturally differ from exporter-reported data due to CIF/FOB scope, freight, insurance, timing, revisions, and classification differences. Mirror gap is a benchmark signal only; it is not transaction price, confirmed premium, margin, or profit."
A,2020-01-01,2020,France,FRA,Vietnam,VNM,Import,coffee,coffee_raw_core,090111,Coffee; not roasted or decaffeinated,200582857.15,118227984,kg,118227984,118227.984,1696.57682,UN Comtrade,https://comtradeapi.un.org/public/v1/preview/C/A/HS?reporterCode=251&partnerCode=704&flowCode=M&cmdCode=090111&period=2020&includeDesc=true,2026-06-03T18:01:25.426Z,ok,ok,0.82,"Mirror import unit value is calculated as SUM(import_value_usd) / SUM(import_quantity_ton). Import data is importer-reported and can naturally differ from exporter-reported data due to CIF/FOB scope, freight, insurance, timing, revisions, and classification differences. Mirror gap is a benchmark signal only; it is not transaction price, confirmed premium, margin, or profit."
A,2020-01-01,2020,Germany,DEU,Vietnam,VNM,Import,coffee,coffee_raw_core,090111,Coffee; not roasted or decaffeinated,2905881749.750001,1783726571.824,kg,1783726571.824,1783726.571824,1629.107171,UN Comtrade,https://comtradeapi.un.org/public/v1/preview/C/A/HS?reporterCode=276&partnerCode=704&flowCode=M&cmdCode=090111&period=2020&includeDesc=true,2026-06-03T18:01:25.426Z,ok,ok,0.82,"Mirror import unit value is calculated as SUM(import_value_usd) / SUM(import_quantity_ton). Import data is importer-reported and can naturally differ from exporter-reported data due to CIF/FOB scope, freight, insurance, timing, revisions, and classification differences. Mirror gap is a benchmark signal only; it is not transaction price, confirmed premium, margin, or profit."
A,2020-01-01,2020,Italy,ITA,Vietnam,VNM,Import,coffee,coffee_raw_core,090111,Coffee; not roasted or decaffeinated,222181863.108,133323000,kg,133323000,133323,1666.493127,UN Comtrade,https://comtradeapi.un.org/public/v1/preview/C/A/HS?reporterCode=380&partnerCode=704&flowCode=M&cmdCode=090111&period=2020&includeDesc=true,2026-06-03T18:01:25.426Z,ok,ok,0.82,"Mirror import unit value is calculated as SUM(import_value_usd) / SUM(import_quantity_ton). Import data is importer-reported and can naturally differ from exporter-reported data due to CIF/FOB scope, freight, insurance, timing, revisions, and classification differences. Mirror gap is a benchmark signal only; it is not transaction price, confirmed premium, margin, or profit."
A,2020-01-01,2020,Japan,JPN,Vietnam,VNM,Import,coffee,coffee_raw_core,090111,Coffee; not roasted or decaffeinated,164051777.483,100157000,kg,100157000,100157,1637.946199,UN Comtrade,https://comtradeapi.un.org/public/v1/preview/C/A/HS?reporterCode=392&partnerCode=704&flowCode=M&cmdCode=090111&period=2020&includeDesc=true,2026-06-03T18:01:25.426Z,ok,ok,0.82,"Mirror import unit value is calculated as SUM(import_value_usd) / SUM(import_quantity_ton). Import data is importer-reported and can naturally differ from exporter-reported data due to CIF/FOB scope, freight, insurance, timing, revisions, and classification differences. Mirror gap is a benchmark signal only; it is not transaction price, confirmed premium, margin, or profit."
A,2020-01-01,2020,Malaysia,MYS,Vietnam,VNM,Import,coffee,coffee_raw_core,090111,Coffee; not roasted or decaffeinated,134791702.168,83862800,kg,83862800,83862.8,1607.288359,UN Comtrade,https://comtradeapi.un.org/public/v1/preview/C/A/HS?reporterCode=458&partnerCode=704&flowCode=M&cmdCode=090111&period=2020&includeDesc=true,2026-06-03T18:01:25.426Z,ok,ok,0.82,"Mirror import unit value is calculated as SUM(import_value_usd) / SUM(import_quantity_ton). Import data is importer-reported and can naturally differ from exporter-reported data due to CIF/FOB scope, freight, insurance, timing, revisions, and classification differences. Mirror gap is a benchmark signal only; it is not transaction price, confirmed premium, margin, or profit."
A,2020-01-01,2020,Netherlands,NLD,Vietnam,VNM,Import,coffee,coffee_raw_core,090111,Coffee; not roasted or decaffeinated,18444605.905,9544100,kg,9544100,9544.1,1932.566288,UN Comtrade,https://comtradeapi.un.org/public/v1/preview/C/A/HS?reporterCode=528&partnerCode=704&flowCode=M&cmdCode=090111&period=2020&includeDesc=true,2026-06-03T18:01:25.426Z,ok,ok,0.82,"Mirror import unit value is calculated as SUM(import_value_usd) / SUM(import_quantity_ton). Import data is importer-reported and can naturally differ from exporter-reported data due to CIF/FOB scope, freight, insurance, timing, revisions, and classification differences. Mirror gap is a benchmark signal only; it is not transaction price, confirmed premium, margin, or profit."
A,2020-01-01,2020,Philippines,PHL,Vietnam,VNM,Import,coffee,coffee_raw_core,090111,Coffee; not roasted or decaffeinated,65051106,21868722.574,kg,21868722.574,21868.722574,2974.618466,UN Comtrade,https://comtradeapi.un.org/public/v1/preview/C/A/HS?reporterCode=608&partnerCode=704&flowCode=M&cmdCode=090111&period=2020&includeDesc=true,2026-06-03T18:01:25.426Z,ok,ok,0.82,"Mirror import unit value is calculated as SUM(import_value_usd) / SUM(import_quantity_ton). Import data is importer-reported and can naturally differ from exporter-reported data due to CIF/FOB scope, freight, insurance, timing, revisions, and classification differences. Mirror gap is a benchmark signal only; it is not transaction price, confirmed premium, margin, or profit."
A,2020-01-01,2020,Rep. of Korea,KOR,Vietnam,VNM,Import,coffee,coffee_raw_core,090111,Coffee; not roasted or decaffeinated,47040867,30126230,kg,30126230,30126.23,1561.458802,UN Comtrade,https://comtradeapi.un.org/public/v1/preview/C/A/HS?reporterCode=410&partnerCode=704&flowCode=M&cmdCode=090111&period=2020&includeDesc=true,2026-06-03T18:01:25.426Z,ok,ok,0.82,"Mirror import unit value is calculated as SUM(import_value_usd) / SUM(import_quantity_ton). Import data is importer-reported and can naturally differ from exporter-reported data due to CIF/FOB scope, freight, insurance, timing, revisions, and classification differences. Mirror gap is a benchmark signal only; it is not transaction price, confirmed premium, margin, or profit."
A,2020-01-01,2020,Russian Federation,RUS,Vietnam,VNM,Import,coffee,coffee_raw_core,090111,Coffee; not roasted or decaffeinated,132782637.31,79703372.5,kg,79703372.5,79703.3725,1665.960086,UN Comtrade,https://comtradeapi.un.org/public/v1/preview/C/A/HS?reporterCode=643&partnerCode=704&flowCode=M&cmdCode=090111&period=2020&includeDesc=true,2026-06-03T18:01:25.426Z,ok,ok,0.82,"Mirror import unit value is calculated as SUM(import_value_usd) / SUM(import_quantity_ton). Import data is importer-reported and can naturally differ from exporter-reported data due to CIF/FOB scope, freight, insurance, timing, revisions, and classification differences. Mirror gap is a benchmark signal only; it is not transaction price, confirmed premium, margin, or profit."
A,2020-01-01,2020,Spain,ESP,Vietnam,VNM,Import,coffee,coffee_raw_core,090111,Coffee; not roasted or decaffeinated,1494644285.729,884567061.6,kg,884567061.6,884567.0616,1689.690189,UN Comtrade,https://comtradeapi.un.org/public/v1/preview/C/A/HS?reporterCode=724&partnerCode=704&flowCode=M&cmdCode=090111&period=2020&includeDesc=true,2026-06-03T18:01:25.426Z,ok,ok,0.82,"Mirror import unit value is calculated as SUM(import_value_usd) / SUM(import_quantity_ton). Import data is importer-reported and can naturally differ from exporter-reported data due to CIF/FOB scope, freight, insurance, timing, revisions, and classification differences. Mirror gap is a benchmark signal only; it is not transaction price, confirmed premium, margin, or profit."
A,2020-01-01,2020,Switzerland,CHE,Vietnam,VNM,Import,coffee,coffee_raw_core,090111,Coffee; not roasted or decaffeinated,122540573.29,66408988,kg,66408988,66408.988,1845.240787,UN Comtrade,https://comtradeapi.un.org/public/v1/preview/C/A/HS?reporterCode=757&partnerCode=704&flowCode=M&cmdCode=090111&period=2020&includeDesc=true,2026-06-03T18:01:25.426Z,ok,ok,0.82,"Mirror import unit value is calculated as SUM(import_value_usd) / SUM(import_quantity_ton). Import data is importer-reported and can naturally differ from exporter-reported data due to CIF/FOB scope, freight, insurance, timing, revisions, and classification differences. Mirror gap is a benchmark signal only; it is not transaction price, confirmed premium, margin, or profit."
A,2020-01-01,2020,Thailand,THA,Vietnam,VNM,Import,coffee,coffee_raw_core,090111,Coffee; not roasted or decaffeinated,340003869.327,216700348,kg,216700348,216700.348,1569.004722,UN Comtrade,https://comtradeapi.un.org/public/v1/preview/C/A/HS?reporterCode=764&partnerCode=704&flowCode=M&cmdCode=090111&period=2020&includeDesc=true,2026-06-03T18:01:25.426Z,ok,ok,0.82,"Mirror import unit value is calculated as SUM(import_value_usd) / SUM(import_quantity_ton). Import data is importer-reported and can naturally differ from exporter-reported data due to CIF/FOB scope, freight, insurance, timing, revisions, and classification differences. Mirror gap is a benchmark signal only; it is not transaction price, confirmed premium, margin, or profit."
A,2020-01-01,2020,Türkiye,TUR,Vietnam,VNM,Import,coffee,coffee_raw_core,090111,Coffee; not roasted or decaffeinated,5914824,3437480,kg,3437480,3437.48,1720.686084,UN Comtrade,https://comtradeapi.un.org/public/v1/preview/C/A/HS?reporterCode=792&partnerCode=704&flowCode=M&cmdCode=090111&period=2020&includeDesc=true,2026-06-03T18:01:25.426Z,ok,ok,0.82,"Mirror import unit value is calculated as SUM(import_value_usd) / SUM(import_quantity_ton). Import data is importer-reported and can naturally differ from exporter-reported data due to CIF/FOB scope, freight, insurance, timing, revisions, and classification differences. Mirror gap is a benchmark signal only; it is not transaction price, confirmed premium, margin, or profit."
A,2020-01-01,2020,Ukraine,UKR,Vietnam,VNM,Import,coffee,coffee_raw_core,090111,Coffee; not roasted or decaffeinated,29136929.56,16326886.42,kg,16326886.42,16326.88642,1784.598043,UN Comtrade,https://comtradeapi.un.org/public/v1/preview/C/A/HS?reporterCode=804&partnerCode=704&flowCode=M&cmdCode=090111&period=2020&includeDesc=true,2026-06-03T18:01:25.426Z,ok,ok,0.82,"Mirror import unit value is calculated as SUM(import_value_usd) / SUM(import_quantity_ton). Import data is importer-reported and can naturally differ from exporter-reported data due to CIF/FOB scope, freight, insurance, timing, revisions, and classification differences. Mirror gap is a benchmark signal only; it is not transaction price, confirmed premium, margin, or profit."
A,2020-01-01,2020,United Kingdom,GBR,Vietnam,VNM,Import,coffee,coffee_raw_core,090111,Coffee; not roasted or decaffeinated,360393725.392,206809316,kg,206809316,206809.316,1742.637771,UN Comtrade,https://comtradeapi.un.org/public/v1/preview/C/A/HS?reporterCode=826&partnerCode=704&flowCode=M&cmdCode=090111&period=2020&includeDesc=true,2026-06-03T18:01:25.426Z,ok,ok,0.82,"Mirror import unit value is calculated as SUM(import_value_usd) / SUM(import_quantity_ton). Import data is importer-reported and can naturally differ from exporter-reported data due to CIF/FOB scope, freight, insurance, timing, revisions, and classification differences. Mirror gap is a benchmark signal only; it is not transaction price, confirmed premium, margin, or profit."
A,2020-01-01,2020,USA,USA,Vietnam,VNM,Import,coffee,coffee_raw_core,090111,Coffee; not roasted or decaffeinated,253441761,143309466,kg,143309466,143309.466,1768.492815,UN Comtrade,https://comtradeapi.un.org/public/v1/preview/C/A/HS?reporterCode=842&partnerCode=704&flowCode=M&cmdCode=090111&period=2020&includeDesc=true,2026-06-03T18:01:25.426Z,ok,ok,0.82,"Mirror import unit value is calculated as SUM(import_value_usd) / SUM(import_quantity_ton). Import data is importer-reported and can naturally differ from exporter-reported data due to CIF/FOB scope, freight, insurance, timing, revisions, and classification differences. Mirror gap is a benchmark signal only; it is not transaction price, confirmed premium, margin, or profit."