period_type,period_start,period_label,partner_country,partner_iso,vietnam_unit_value_usd_per_ton,brazil_unit_value_usd_per_ton,indonesia_unit_value_usd_per_ton,vietnam_value_usd,brazil_value_usd,indonesia_value_usd,vietnam_quantity_ton,brazil_quantity_ton,indonesia_quantity_ton,vietnam_unit_value_flag,brazil_unit_value_flag,indonesia_unit_value_flag,min_confidence_score,vietnam_vs_brazil_gap_pct,vietnam_vs_indonesia_gap_pct,benchmark_quality_flag,interpretation_note
A,2020-01-01,2020,Algeria,DZA,1558.739253,1474.034316,1531.948319,93745129.556,21017393,9068521.27,60141.636503,14258.415,5919.6,ok,ok,ok,0.82,5.74647,1.748814,ok,"Benchmark signal only; export unit values are not transaction prices, invoice prices, FOB contract prices, margins, or profit."
A,2020-01-01,2020,Argentina,ARG,1545.870385,1565.9406,,519309.094,41928343,,335.933141,26775.181,,ok,ok,,0.82,-1.281672,,ok,"Benchmark signal only; export unit values are not transaction prices, invoice prices, FOB contract prices, margins, or profit."
A,2020-01-01,2020,Australia,AUS,1547.60016,2562.402416,2319.745032,23186038.823,56452508,13828292.307,14981.931002,22031.086,5961.12595,ok,ok,ok,0.82,-39.603547,-33.285765,ok,"Benchmark signal only; export unit values are not transaction prices, invoice prices, FOB contract prices, margins, or profit."
A,2020-01-01,2020,Austria,AUT,20650,2934.646808,,8673,393677,,0.42,134.148,,low_volume_for_competitor_benchmark,ok,,0.55,603.66219,,vietnam_low_quality,"Benchmark signal only; export unit values are not transaction prices, invoice prices, FOB contract prices, margins, or profit."
A,2020-01-01,2020,Belgium,BEL,1616.332669,2081.485717,2594.689755,111863668.417,467390701,38292709.03,69208.319913,224546.677052,14758.107,ok,ok,ok,0.82,-22.347165,-37.70613,ok,"Benchmark signal only; export unit values are not transaction prices, invoice prices, FOB contract prices, margins, or profit."
A,2020-01-01,2020,Brazil,BRA,1561.97118,,,29800,,,19.078457,,,low_volume_for_competitor_benchmark,,,0.55,,,missing_competitors,"Benchmark signal only; export unit values are not transaction prices, invoice prices, FOB contract prices, margins, or profit."
A,2020-01-01,2020,Brunei Darussalam,BRN,4738.460504,,,2820,,,0.59513,,,low_volume_for_competitor_benchmark,,,0.55,,,missing_competitors,"Benchmark signal only; export unit values are not transaction prices, invoice prices, FOB contract prices, margins, or profit."
A,2020-01-01,2020,Bulgaria,BGR,1554.742184,2410.914311,1663.647302,1815061.709,1192390,1529224.6,1167.435815,494.58,919.2,ok,ok,ok,0.82,-35.512342,-6.546166,ok,"Benchmark signal only; export unit values are not transaction prices, invoice prices, FOB contract prices, margins, or profit."
A,2020-01-01,2020,Cambodia,KHM,1791.342686,,5404.117143,690445.473,,75657.64,385.434612,,14,ok,,low_volume_for_competitor_benchmark,0.55,,-66.85226,ok,"Benchmark signal only; export unit values are not transaction prices, invoice prices, FOB contract prices, margins, or profit."
A,2020-01-01,2020,Canada,CAN,1670.1206,2323.46076,4976.067956,9840552.51,102696789,19493350.62,5892.12091,44199.924,3917.4205,ok,ok,ok,0.82,-28.119268,-66.436941,ok,"Benchmark signal only; export unit values are not transaction prices, invoice prices, FOB contract prices, margins, or profit."
A,2020-01-01,2020,Chile,CHL,1632.782077,1455.03069,,590307.718,15394571,,361.534908,10580.238,,ok,ok,,0.82,12.216332,,ok,"Benchmark signal only; export unit values are not transaction prices, invoice prices, FOB contract prices, margins, or profit."
A,2020-01-01,2020,China,CHN,1510.178239,2519.640022,3079.056631,35576966.828,24506102,12311157.071,23558.1244,9726.033,3998.35357,ok,ok,ok,0.82,-40.06373,-50.953217,ok,"Benchmark signal only; export unit values are not transaction prices, invoice prices, FOB contract prices, margins, or profit."
A,2020-01-01,2020,"China, Hong Kong SAR",HKG,1681.8072,2348.959096,1967.567456,1069398.603,1924925,1800570.483,635.862781,819.48,915.12516,ok,ok,ok,0.82,-28.402023,-14.52353,ok,"Benchmark signal only; export unit values are not transaction prices, invoice prices, FOB contract prices, margins, or profit."
A,2020-01-01,2020,Croatia,HRV,1497.550385,1713.602008,,2902790.92,20507969,,1938.359436,11967.755,,ok,ok,,0.82,-12.60804,,ok,"Benchmark signal only; export unit values are not transaction prices, invoice prices, FOB contract prices, margins, or profit."
A,2020-01-01,2020,Czechia,CZE,1539.713715,2572.264347,4941.176471,1730425.4,346021,1848,1123.861782,134.52,0.374,ok,ok,low_volume_for_competitor_benchmark,0.55,-40.1417,-68.839127,ok,"Benchmark signal only; export unit values are not transaction prices, invoice prices, FOB contract prices, margins, or profit."
A,2020-01-01,2020,Denmark,DNK,1589.790979,2267.749815,5344.088812,2417619.45,9402508,403639.028,1520.71529,4146.184,75.53,ok,ok,ok,0.82,-29.895663,-70.251412,ok,"Benchmark signal only; export unit values are not transaction prices, invoice prices, FOB contract prices, margins, or profit."
A,2020-01-01,2020,Dominican Rep.,DOM,1473.411227,2058.3161,,6118560.038,9634566,,4152.649259,4680.8,,ok,ok,,0.82,-28.416669,,ok,"Benchmark signal only; export unit values are not transaction prices, invoice prices, FOB contract prices, margins, or profit."
A,2020-01-01,2020,Ecuador,ECU,1541.016088,1233.417873,1400,13446042.4,6409826,1008000,8725.43934,5196.8,720,ok,ok,ok,0.82,24.938686,10.072578,ok,"Benchmark signal only; export unit values are not transaction prices, invoice prices, FOB contract prices, margins, or profit."
A,2020-01-01,2020,Egypt,EGY,1612.680717,1792.065796,1691.104026,17623578.206,10630106,55022964.662,10928.126079,5931.761,32536.712,ok,ok,ok,0.82,-10.009961,-4.637403,ok,"Benchmark signal only; export unit values are not transaction prices, invoice prices, FOB contract prices, margins, or profit."
A,2020-01-01,2020,Estonia,EST,1828.828243,1717.521091,,135099.2,809253,,73.872,471.175,,ok,ok,,0.82,6.480686,,ok,"Benchmark signal only; export unit values are not transaction prices, invoice prices, FOB contract prices, margins, or profit."
A,2020-01-01,2020,Finland,FIN,1608.374842,2441.455229,3130.428241,2886754.78,66103206,480849.43,1794.827117,27075.33,153.605,ok,ok,ok,0.82,-34.122288,-48.621252,ok,"Benchmark signal only; export unit values are not transaction prices, invoice prices, FOB contract prices, margins, or profit."
A,2020-01-01,2020,France,FRA,1535.520681,2103.827795,1763.081737,28762956.679,104674292,7715989.7,18731.72861,49754.211,4376.422,ok,ok,ok,0.82,-27.013005,-12.907005,ok,"Benchmark signal only; export unit values are not transaction prices, invoice prices, FOB contract prices, margins, or profit."
A,2020-01-01,2020,Germany,DEU,1530.735037,2190.080451,2323.254006,324793743.384,965856265,49533538.96,212181.556967,441014.057,21320.75909,ok,ok,ok,0.82,-30.105991,-34.112455,ok,"Benchmark signal only; export unit values are not transaction prices, invoice prices, FOB contract prices, margins, or profit."
A,2020-01-01,2020,Greece,GRC,1556.079827,1994.969045,1566.62644,16090834.993,63641339,3095340.52,10340.623092,31900.915541,1975.8,ok,ok,ok,0.82,-21.999801,-0.673205,ok,"Benchmark signal only; export unit values are not transaction prices, invoice prices, FOB contract prices, margins, or profit."
A,2020-01-01,2020,India,IND,1446.026817,1228.282983,1228.522967,28725594.449,3847056,24567940.86,19865.187916,3132.06,19997.95,ok,ok,ok,0.82,17.727497,17.7045,ok,"Benchmark signal only; export unit values are not transaction prices, invoice prices, FOB contract prices, margins, or profit."
A,2020-01-01,2020,Indonesia,IDN,1561.283703,2296.578626,,13120117.35,11253752,,8403.416574,4900.225,,ok,ok,,0.82,-32.016971,,ok,"Benchmark signal only; export unit values are not transaction prices, invoice prices, FOB contract prices, margins, or profit."
A,2020-01-01,2020,Ireland,IRL,2061.902753,2869.26469,3569.762437,6972393.6,4276837,984540.48,3381.533678,1490.569,275.8,ok,ok,ok,0.82,-28.138287,-42.239777,ok,"Benchmark signal only; export unit values are not transaction prices, invoice prices, FOB contract prices, margins, or profit."
A,2020-01-01,2020,Israel,ISR,1575.335855,2018.671722,3208.845232,10234437.164,15148480,639205.5,6496.669983,7504.182,199.2011,ok,ok,ok,0.82,-21.961761,-50.906456,ok,"Benchmark signal only; export unit values are not transaction prices, invoice prices, FOB contract prices, margins, or profit."
A,2020-01-01,2020,Italy,ITA,1576.865831,2305.329245,1625.663215,219128387.988,417440520,44277347.66,138964.510326,181076.313,27236.482464,ok,ok,ok,0.82,-31.599105,-3.001691,ok,"Benchmark signal only; export unit values are not transaction prices, invoice prices, FOB contract prices, margins, or profit."
A,2020-01-01,2020,Japan,JPN,1582.569983,2416.720064,2382.594272,148550704.418,292122976,55922905.184,93866.752201,120875.802,23471.434415,ok,ok,ok,0.82,-34.515792,-33.577865,ok,"Benchmark signal only; export unit values are not transaction prices, invoice prices, FOB contract prices, margins, or profit."
A,2020-01-01,2020,Kazakhstan,KAZ,1905,2125.006519,,17145,40747,,9,19.175,,low_volume_for_competitor_benchmark,low_volume_for_competitor_benchmark,,0.55,-10.353216,,vietnam_low_quality,"Benchmark signal only; export unit values are not transaction prices, invoice prices, FOB contract prices, margins, or profit."
A,2020-01-01,2020,Kuwait,KWT,1724.390988,2143.603395,,1562847.893,555622,,906.318755,259.2,,ok,ok,,0.82,-19.556435,,ok,"Benchmark signal only; export unit values are not transaction prices, invoice prices, FOB contract prices, margins, or profit."
A,2020-01-01,2020,Latvia,LVA,1612.023458,2389.155474,2910.613729,453829.4,5144234,200133.8,281.527789,2153.16,68.76,ok,ok,ok,0.82,-32.527478,-44.615686,ok,"Benchmark signal only; export unit values are not transaction prices, invoice prices, FOB contract prices, margins, or profit."
A,2020-01-01,2020,Lithuania,LTU,1649.005718,2461.672265,,1639520.7,2994580,,994.248038,1216.482,,ok,ok,,0.82,-33.012784,,ok,"Benchmark signal only; export unit values are not transaction prices, invoice prices, FOB contract prices, margins, or profit."
A,2020-01-01,2020,Malaysia,MYS,1516.413911,2322.640923,1534.749517,51603176.258,20173530,55410338.1,34029.743388,8685.6,36103.831605,ok,ok,ok,0.82,-34.711651,-1.194697,ok,"Benchmark signal only; export unit values are not transaction prices, invoice prices, FOB contract prices, margins, or profit."
A,2020-01-01,2020,Malta,MLT,1569.000262,2476.652517,,184780.8,49008,,117.76977,19.788,,ok,low_volume_for_competitor_benchmark,,0.55,-36.648349,,ok,"Benchmark signal only; export unit values are not transaction prices, invoice prices, FOB contract prices, margins, or profit."
A,2020-01-01,2020,Mexico,MEX,1546.721298,1326.785867,4468.555556,2606125.718,79767579,723906,1684.935561,60120.914,162,ok,ok,ok,0.82,16.576558,-65.386549,ok,"Benchmark signal only; export unit values are not transaction prices, invoice prices, FOB contract prices, margins, or profit."
A,2020-01-01,2020,Morocco,MAR,1535.741144,1664.716758,1619.079606,5918282.961,4803715,15549154.81,3853.698252,2885.605,9603.7,ok,ok,ok,0.82,-7.747601,-5.147274,ok,"Benchmark signal only; export unit values are not transaction prices, invoice prices, FOB contract prices, margins, or profit."
A,2020-01-01,2020,Myanmar,MMR,1913.581491,,,294735.185,,,154.022803,,,ok,,,0.82,,,missing_competitors,"Benchmark signal only; export unit values are not transaction prices, invoice prices, FOB contract prices, margins, or profit."
A,2020-01-01,2020,Netherlands,NLD,1697.184504,2181.13594,3825.837594,18222344.832,79008622,5703614.925,10736.808399,36223.612,1490.8147,ok,ok,ok,0.82,-22.188046,-55.638877,ok,"Benchmark signal only; export unit values are not transaction prices, invoice prices, FOB contract prices, margins, or profit."
A,2020-01-01,2020,New Zealand,NZL,1618.974045,2642.209439,4669.281695,1089638.4,7867316,1581485.71,673.042538,2977.552,338.7,ok,ok,ok,0.82,-38.726506,-65.327128,ok,"Benchmark signal only; export unit values are not transaction prices, invoice prices, FOB contract prices, margins, or profit."
A,2020-01-01,2020,Norway,NOR,1639.498799,2335.239053,4445.389609,560933.53,33643747,699139.76,342.137201,14406.982,157.273,ok,ok,ok,0.82,-29.793106,-63.11912,ok,"Benchmark signal only; export unit values are not transaction prices, invoice prices, FOB contract prices, margins, or profit."
A,2020-01-01,2020,"Other Asia, nes",S19,1839.236273,2421.408665,3190.51467,1988845.008,21582306,16153319.529,1081.342858,8913.12,5062.919685,ok,ok,ok,0.82,-24.042715,-42.352991,ok,"Benchmark signal only; export unit values are not transaction prices, invoice prices, FOB contract prices, margins, or profit."
A,2020-01-01,2020,Philippines,PHL,1523.571666,2501.35498,1536.27959,47334828.103,1608829,10023579.09,31068.330524,643.183,6524.58,ok,ok,ok,0.82,-39.090146,-0.827188,ok,"Benchmark signal only; export unit values are not transaction prices, invoice prices, FOB contract prices, margins, or profit."
A,2020-01-01,2020,Poland,POL,1508.899598,2063.555238,1880.849718,19843392.251,25813322,39986.865,13150.902997,12509.15,21.26,ok,ok,low_volume_for_competitor_benchmark,0.55,-26.878643,-19.775643,ok,"Benchmark signal only; export unit values are not transaction prices, invoice prices, FOB contract prices, margins, or profit."
A,2020-01-01,2020,Portugal,PRT,1599.536405,2166.370003,1618.669799,16154463.482,12626179,532218.63,10099.465966,5828.265247,328.8,ok,ok,ok,0.82,-26.165133,-1.182044,ok,"Benchmark signal only; export unit values are not transaction prices, invoice prices, FOB contract prices, margins, or profit."
A,2020-01-01,2020,Rep. of Korea,KOR,1569.630051,2343.691701,3325.42281,46897953.791,83387504,9591285.23,29878.348575,35579.55339,2884.2303,ok,ok,ok,0.82,-33.027452,-52.799083,ok,"Benchmark signal only; export unit values are not transaction prices, invoice prices, FOB contract prices, margins, or profit."
A,2020-01-01,2020,Romania,ROU,1562.215891,2216.911228,1624.955892,3564597.18,7161244,951590.42,2281.757086,3230.28,585.61,ok,ok,ok,0.82,-29.53187,-3.861028,ok,"Benchmark signal only; export unit values are not transaction prices, invoice prices, FOB contract prices, margins, or profit."
A,2020-01-01,2020,Russian Federation,RUS,1539.461439,2043.329841,1516.308871,91408712.591,111316166,36667077.85,59377.071911,54477.825247,24181.8,ok,ok,ok,0.82,-24.659181,1.526903,ok,"Benchmark signal only; export unit values are not transaction prices, invoice prices, FOB contract prices, margins, or profit."
A,2020-01-01,2020,Saudi Arabia,SAU,1889.046728,2179.065807,5837.236218,175896,13494730,1143905.67,93.113631,6192.896954,195.967,ok,ok,ok,0.82,-13.309331,-67.637994,ok,"Benchmark signal only; export unit values are not transaction prices, invoice prices, FOB contract prices, margins, or profit."
A,2020-01-01,2020,Senegal,SEN,1805,950,,69312,19,,38.4,0.02,,low_volume_for_competitor_benchmark,low_volume_for_competitor_benchmark,,0.55,90,,vietnam_low_quality,"Benchmark signal only; export unit values are not transaction prices, invoice prices, FOB contract prices, margins, or profit."
A,2020-01-01,2020,Singapore,SGP,1744.237685,2890.238158,1968.623249,245496.75,2024976,10262145.123,140.747303,700.626,5212.85377,ok,ok,ok,0.82,-39.650728,-11.398096,ok,"Benchmark signal only; export unit values are not transaction prices, invoice prices, FOB contract prices, margins, or profit."
A,2020-01-01,2020,Slovenia,SVN,1574.55876,1742.4227,7157.894737,6667620.839,38214048,2720,4234.59639,21931.56,0.38,ok,ok,low_volume_for_competitor_benchmark,0.55,-9.633939,-78.002488,ok,"Benchmark signal only; export unit values are not transaction prices, invoice prices, FOB contract prices, margins, or profit."
A,2020-01-01,2020,South Africa,ZAF,1566.060012,1450.411961,4921.132075,1590566.875,26171509,938952,1015.648738,18044.19,190.8,ok,ok,ok,0.82,7.973462,-68.176834,ok,"Benchmark signal only; export unit values are not transaction prices, invoice prices, FOB contract prices, margins, or profit."
A,2020-01-01,2020,Spain,ESP,1529.828942,2065.827684,1566.876636,124828746.595,106835576,19675649.57,81596.538783,51715.628,12557.2423,ok,ok,ok,0.82,-25.945956,-2.36443,ok,"Benchmark signal only; export unit values are not transaction prices, invoice prices, FOB contract prices, margins, or profit."
A,2020-01-01,2020,Sri Lanka,LKA,1744.430311,,1200,95996,,6,55.03,,0.005,ok,,low_volume_for_competitor_benchmark,0.55,,45.369193,ok,"Benchmark signal only; export unit values are not transaction prices, invoice prices, FOB contract prices, margins, or profit."
A,2020-01-01,2020,Sweden,SWE,1568.770706,2219.708531,2495.969718,3845276.058,93988610,567084.32,2451.139637,42342.771,227.2,ok,ok,ok,0.82,-29.325374,-37.147847,ok,"Benchmark signal only; export unit values are not transaction prices, invoice prices, FOB contract prices, margins, or profit."
A,2020-01-01,2020,Thailand,THA,1538.314001,2333.86508,1632.03157,48297405.063,172636,4684882.08,31396.324184,73.97,2870.583,ok,ok,ok,0.82,-34.087278,-5.742387,ok,"Benchmark signal only; export unit values are not transaction prices, invoice prices, FOB contract prices, margins, or profit."
A,2020-01-01,2020,Tunisia,TUN,1564.311866,1576.110313,,12160654.945,18565886,,7773.804705,11779.56,,ok,ok,,0.82,-0.74858,,ok,"Benchmark signal only; export unit values are not transaction prices, invoice prices, FOB contract prices, margins, or profit."
A,2020-01-01,2020,Türkiye,TUR,1658.00784,1874.524821,3018.830973,922724.05,152431854,230599.2,556.525746,81317.597,76.38692,ok,ok,ok,0.82,-11.5505,-45.077818,ok,"Benchmark signal only; export unit values are not transaction prices, invoice prices, FOB contract prices, margins, or profit."
A,2020-01-01,2020,Ukraine,UKR,1653.435355,2267.186374,1812.646132,8876263.127,8682986,242563.23,5368.376271,3829.851,133.8172,ok,ok,ok,0.82,-27.071044,-8.783335,ok,"Benchmark signal only; export unit values are not transaction prices, invoice prices, FOB contract prices, margins, or profit."
A,2020-01-01,2020,United Arab Emirates,ARE,1670.542804,1882.389152,2093.910208,1748367.154,13481074,2627333.834,1046.586265,7161.682792,1254.75,ok,ok,ok,0.82,-11.254121,-20.218986,ok,"Benchmark signal only; export unit values are not transaction prices, invoice prices, FOB contract prices, margins, or profit."
A,2020-01-01,2020,United Kingdom,GBR,1577.928239,2259.469971,1863.28371,38641888.452,96056626,39780164.2,24489.002412,42512.902248,21349.4939,ok,ok,ok,0.82,-30.163788,-15.314655,ok,"Benchmark signal only; export unit values are not transaction prices, invoice prices, FOB contract prices, margins, or profit."
A,2020-01-01,2020,USA,USA,1600.667298,2163.456498,3714.671625,204017375.824,929333166,202351995.312,127457.702248,429559.442,54473.72358,ok,ok,ok,0.82,-26.013428,-56.909588,ok,"Benchmark signal only; export unit values are not transaction prices, invoice prices, FOB contract prices, margins, or profit."
A,2020-01-01,2020,Venezuela,VEN,1883.797926,1272.114905,,864109.08,3242023,,458.705824,2548.53,,ok,ok,,0.82,48.083944,,ok,"Benchmark signal only; export unit values are not transaction prices, invoice prices, FOB contract prices, margins, or profit."
A,2021-01-01,2021,Algeria,DZA,1762.816635,1610.260772,1658.307657,99643739.153,31472550,6497365.48,56525.3,19545.002,3918.07,ok,ok,ok,0.82,9.473985,6.302147,ok,"Benchmark signal only; export unit values are not transaction prices, invoice prices, FOB contract prices, margins, or profit."
A,2021-01-01,2021,Argentina,ARG,1684.036795,2282.330885,,452376.068,54806755,,268.626,24013.501,,ok,ok,,0.82,-26.21417,,ok,"Benchmark signal only; export unit values are not transaction prices, invoice prices, FOB contract prices, margins, or profit."
A,2021-01-01,2021,Australia,AUS,1666.346657,3091.568137,2644.954806,21500474.326,68422923,12579821.239,12902.762,22132.109,4756.15735,ok,ok,ok,0.82,-46.100277,-36.99905,ok,"Benchmark signal only; export unit values are not transaction prices, invoice prices, FOB contract prices, margins, or profit."
A,2021-01-01,2021,Austria,AUT,21500,4366.677286,3000,6450,82242,48,0.3,18.834,0.016,low_volume_for_competitor_benchmark,low_volume_for_competitor_benchmark,low_volume_for_competitor_benchmark,0.55,392.365215,616.666667,vietnam_low_quality,"Benchmark signal only; export unit values are not transaction prices, invoice prices, FOB contract prices, margins, or profit."
A,2021-01-01,2021,Bangladesh,BGD,3637.735849,4000,,11568,8,,3.18,0.002,,low_volume_for_competitor_benchmark,low_volume_for_competitor_benchmark,,0.55,-9.056604,,vietnam_low_quality,"Benchmark signal only; export unit values are not transaction prices, invoice prices, FOB contract prices, margins, or profit."
A,2021-01-01,2021,Belgium,BEL,1846.243358,2813.309826,3105.7953,111574394.123,493990676,44829142.54,60433.2,175590.57,14434.03,ok,ok,ok,0.82,-34.374688,-40.554892,ok,"Benchmark signal only; export unit values are not transaction prices, invoice prices, FOB contract prices, margins, or profit."
A,2021-01-01,2021,Bulgaria,BGR,1629.086388,2422.912827,1683.348485,1361525.24,1009715,999909,835.76,416.736,594,ok,ok,ok,0.82,-32.76331,-3.223462,ok,"Benchmark signal only; export unit values are not transaction prices, invoice prices, FOB contract prices, margins, or profit."
A,2021-01-01,2021,Cambodia,KHM,2341.453518,,4398.132111,449933.708,,66023,192.16,,15.0116,ok,,low_volume_for_competitor_benchmark,0.55,,-46.762547,ok,"Benchmark signal only; export unit values are not transaction prices, invoice prices, FOB contract prices, margins, or profit."
A,2021-01-01,2021,Canada,CAN,1987.633546,2557.792386,4350.349559,12944213.029,109653928,16356574.784,6512.374,42870.535,3759.83,ok,ok,ok,0.82,-22.291052,-54.310946,ok,"Benchmark signal only; export unit values are not transaction prices, invoice prices, FOB contract prices, margins, or profit."
A,2021-01-01,2021,Chile,CHL,1846.366515,1760.648318,,422153.24,19950841,,228.64,11331.531,,ok,ok,,0.82,4.868559,,ok,"Benchmark signal only; export unit values are not transaction prices, invoice prices, FOB contract prices, margins, or profit."
A,2021-01-01,2021,China,CHN,1553.87319,2718.172645,2978.555963,54661343.05,49598624,12536843.2,35177.48,18247.047,4209.03396,ok,ok,ok,0.82,-42.833904,-47.831325,ok,"Benchmark signal only; export unit values are not transaction prices, invoice prices, FOB contract prices, margins, or profit."
A,2021-01-01,2021,"China, Hong Kong SAR",HKG,1739.743924,2873.085434,2075.715248,1537015.044,3436667,2412502.642,883.472,1196.159,1162.25125,ok,ok,ok,0.82,-39.446843,-16.18581,ok,"Benchmark signal only; export unit values are not transaction prices, invoice prices, FOB contract prices, margins, or profit."
A,2021-01-01,2021,Croatia,HRV,1701.786783,2300.127675,,1687287.56,27576348,,991.48,11989.051,,ok,ok,,0.82,-26.013377,,ok,"Benchmark signal only; export unit values are not transaction prices, invoice prices, FOB contract prices, margins, or profit."
A,2021-01-01,2021,Czechia,CZE,1865.408902,2645.143004,7221.601787,2384063.462,153987,11316.25,1278.038,58.215,1.567,ok,ok,low_volume_for_competitor_benchmark,0.55,-29.477956,-74.169042,ok,"Benchmark signal only; export unit values are not transaction prices, invoice prices, FOB contract prices, margins, or profit."
A,2021-01-01,2021,Denmark,DNK,1704.487198,2897.446083,3615.738499,1437905.4,12945291,149330,843.6,4467.828091,41.3,ok,ok,low_volume_for_competitor_benchmark,0.55,-41.172773,-52.859224,ok,"Benchmark signal only; export unit values are not transaction prices, invoice prices, FOB contract prices, margins, or profit."
A,2021-01-01,2021,Dominican Rep.,DOM,1751.473367,2910.668373,,8400581.2,22141888,,4796.294,7607.149,,ok,ok,,0.82,-39.825733,,ok,"Benchmark signal only; export unit values are not transaction prices, invoice prices, FOB contract prices, margins, or profit."
A,2021-01-01,2021,Ecuador,ECU,1671.616122,1434.63438,1735.213866,7414754.2,14059130,5455517.6,4435.68,9799.8,3144.003,ok,ok,ok,0.82,16.518616,-3.665124,ok,"Benchmark signal only; export unit values are not transaction prices, invoice prices, FOB contract prices, margins, or profit."
A,2021-01-01,2021,Egypt,EGY,1839.682052,2324.445392,1835.949574,26398399.861,9578355,89082656.311,14349.436,4120.705539,48521.29796,ok,ok,ok,0.82,-20.855011,0.2033,ok,"Benchmark signal only; export unit values are not transaction prices, invoice prices, FOB contract prices, margins, or profit."
A,2021-01-01,2021,Estonia,EST,2097.601427,3419.84375,1723.142857,730158.276,65661,224353.2,348.092,19.2,130.2,ok,low_volume_for_competitor_benchmark,ok,0.55,-38.663823,21.731139,ok,"Benchmark signal only; export unit values are not transaction prices, invoice prices, FOB contract prices, margins, or profit."
A,2021-01-01,2021,Finland,FIN,1884.584997,2913.504609,3158.365986,2939519.14,67811543,178135,1559.77,23274.905,56.401,ok,ok,ok,0.82,-35.315531,-40.33038,ok,"Benchmark signal only; export unit values are not transaction prices, invoice prices, FOB contract prices, margins, or profit."
A,2021-01-01,2021,France,FRA,1730.904593,2540.118937,1939.06913,25154433.307,120060492,11621680.523,14532.536,47265.697,5993.4328,ok,ok,ok,0.82,-31.857341,-10.735282,ok,"Benchmark signal only; export unit values are not transaction prices, invoice prices, FOB contract prices, margins, or profit."
A,2021-01-01,2021,Germany,DEU,1784.137229,2634.910942,2279.68946,394019748.936,1064625013,30399245.508,220846.1,404045.919,13334.81864,ok,ok,ok,0.82,-32.288519,-21.737708,ok,"Benchmark signal only; export unit values are not transaction prices, invoice prices, FOB contract prices, margins, or profit."
A,2021-01-01,2021,Greece,GRC,1775.281859,2453.86639,1817.254483,17801684.997,73250737,3863119.58,10027.526,29851.15135,2125.8,ok,ok,ok,0.82,-27.653687,-2.309672,ok,"Benchmark signal only; export unit values are not transaction prices, invoice prices, FOB contract prices, margins, or profit."
A,2021-01-01,2021,India,IND,1544.061706,1341.963497,1449.785306,19033273.447,3035610,32054202.204,12326.757,2262.066,22109.62,ok,ok,ok,0.82,15.059889,6.502784,ok,"Benchmark signal only; export unit values are not transaction prices, invoice prices, FOB contract prices, margins, or profit."
A,2021-01-01,2021,Indonesia,IDN,1572.098227,2907.040898,,11670357.995,14042025,,7423.428,4830.35,,ok,ok,,0.82,-45.921014,,ok,"Benchmark signal only; export unit values are not transaction prices, invoice prices, FOB contract prices, margins, or profit."
A,2021-01-01,2021,Ireland,IRL,2938.751175,3757.110146,4455.006403,1811187.614,5524714,1458929.64,616.312,1470.469,327.48093,ok,ok,ok,0.82,-21.781607,-34.034861,ok,"Benchmark signal only; export unit values are not transaction prices, invoice prices, FOB contract prices, margins, or profit."
A,2021-01-01,2021,Israel,ISR,1859.660116,2413.343366,3102.58088,9705342.985,15093047,714974.251,5218.88,6253.999,230.445,ok,ok,ok,0.82,-22.942581,-40.060866,ok,"Benchmark signal only; export unit values are not transaction prices, invoice prices, FOB contract prices, margins, or profit."
A,2021-01-01,2021,Italy,ITA,1731.646722,2734.457982,1734.966613,220369535.031,477026534,42662891.12,127260.1,174450.124,24590.0358,ok,ok,ok,0.82,-36.673127,-0.191352,ok,"Benchmark signal only; export unit values are not transaction prices, invoice prices, FOB contract prices, margins, or profit."
A,2021-01-01,2021,Japan,JPN,1795.685319,2696.475778,2397.117527,185051441.51,402345201,65434124.959,103053.38,149211.502,27297.003266,ok,ok,ok,0.82,-33.406214,-25.089809,ok,"Benchmark signal only; export unit values are not transaction prices, invoice prices, FOB contract prices, margins, or profit."
A,2021-01-01,2021,Kuwait,KWT,1945.942281,3368.138402,6006.268558,717430,1164032,36410,368.68,345.601,6.062,ok,ok,low_volume_for_competitor_benchmark,0.55,-42.224991,-67.601477,ok,"Benchmark signal only; export unit values are not transaction prices, invoice prices, FOB contract prices, margins, or profit."
A,2021-01-01,2021,Latvia,LVA,1713.653061,2647.73403,2722.159919,201525.6,6389525,576880.13,117.6,2413.205,211.92,ok,ok,ok,0.82,-35.278505,-37.048039,ok,"Benchmark signal only; export unit values are not transaction prices, invoice prices, FOB contract prices, margins, or profit."
A,2021-01-01,2021,Lithuania,LTU,1834.048277,2737.852323,,821187.78,3627052,,447.746,1324.78,,ok,ok,,0.82,-33.011424,,ok,"Benchmark signal only; export unit values are not transaction prices, invoice prices, FOB contract prices, margins, or profit."
A,2021-01-01,2021,Malaysia,MYS,1713.033307,2702.421887,1689.673867,56407223.267,27763488,49100433.449,32928.27,10273.558,29059.11869,ok,ok,ok,0.82,-36.611181,1.382482,ok,"Benchmark signal only; export unit values are not transaction prices, invoice prices, FOB contract prices, margins, or profit."
A,2021-01-01,2021,Malta,MLT,1677,241.825438,,32198.4,3757,,19.2,15.536,,low_volume_for_competitor_benchmark,low_volume_for_competitor_benchmark,,0.55,593.475432,,vietnam_low_quality,"Benchmark signal only; export unit values are not transaction prices, invoice prices, FOB contract prices, margins, or profit."
A,2021-01-01,2021,Mexico,MEX,1949.382541,1661.349362,4082.444444,3232653.27,91565089,705446.4,1658.296,55114.891,172.8,ok,ok,ok,0.82,17.337303,-52.249625,ok,"Benchmark signal only; export unit values are not transaction prices, invoice prices, FOB contract prices, margins, or profit."
A,2021-01-01,2021,Morocco,MAR,1675.716161,1819.33037,1727.962025,7029853.841,4154168,21019104.7,4195.134,2283.35,12164.10106,ok,ok,ok,0.82,-7.893795,-3.023554,ok,"Benchmark signal only; export unit values are not transaction prices, invoice prices, FOB contract prices, margins, or profit."
A,2021-01-01,2021,Myanmar,MMR,2125.137817,,,123360,,,58.048,,,ok,,,0.82,,,missing_competitors,"Benchmark signal only; export unit values are not transaction prices, invoice prices, FOB contract prices, margins, or profit."
A,2021-01-01,2021,Netherlands,NLD,1946.300048,2731.353373,3226.887038,20800661.365,71389730,7239496.223,10687.284,26137.127,2243.4923,ok,ok,ok,0.82,-28.742283,-39.684903,ok,"Benchmark signal only; export unit values are not transaction prices, invoice prices, FOB contract prices, margins, or profit."
A,2021-01-01,2021,New Zealand,NZL,1662.254684,3383.737424,4355.189748,1306914.5,10293380,1850791.67,786.23,3042.015,424.96235,ok,ok,ok,0.82,-50.875187,-61.832784,ok,"Benchmark signal only; export unit values are not transaction prices, invoice prices, FOB contract prices, margins, or profit."
A,2021-01-01,2021,Nigeria,NGA,1620.359995,,6900,129288.524,,75.348,79.79,,0.01092,ok,,low_volume_for_competitor_benchmark,0.55,,-76.516522,ok,"Benchmark signal only; export unit values are not transaction prices, invoice prices, FOB contract prices, margins, or profit."
A,2021-01-01,2021,Norway,NOR,1972.468,2622.114185,4448.389015,426053.088,30204857,1158483.72,216,11519.276,260.4277,ok,ok,ok,0.82,-24.775663,-55.658824,ok,"Benchmark signal only; export unit values are not transaction prices, invoice prices, FOB contract prices, margins, or profit."
A,2021-01-01,2021,"Other Asia, nes",S19,2321.07111,2743.185143,3048.196533,2436149.816,21512516,12048032.34,1049.58,7842.167,3952.51166,ok,ok,ok,0.82,-15.387734,-23.854283,ok,"Benchmark signal only; export unit values are not transaction prices, invoice prices, FOB contract prices, margins, or profit."
A,2021-01-01,2021,Panama,PAN,3125,3307.855159,,60000,319816,,19.2,96.683798,,low_volume_for_competitor_benchmark,ok,,0.55,-5.527907,,vietnam_low_quality,"Benchmark signal only; export unit values are not transaction prices, invoice prices, FOB contract prices, margins, or profit."
A,2021-01-01,2021,Philippines,PHL,1691.310852,3321.083273,1668.832832,41995366.844,1785514,4443692.134,24830.07,537.63,2662.7545,ok,ok,ok,0.82,-49.073519,1.346931,ok,"Benchmark signal only; export unit values are not transaction prices, invoice prices, FOB contract prices, margins, or profit."
A,2021-01-01,2021,Poland,POL,1708.682321,2434.943145,1727.942663,19100659.104,44477307,287668.413,11178.59,18266.261,166.4803,ok,ok,ok,0.82,-29.826603,-1.11464,ok,"Benchmark signal only; export unit values are not transaction prices, invoice prices, FOB contract prices, margins, or profit."
A,2021-01-01,2021,Portugal,PRT,1774.436435,2707.000582,1748.100118,15520892.577,13600155,2315883.91,8746.942,5024.068,1324.8005,ok,ok,ok,0.82,-34.45009,1.506568,ok,"Benchmark signal only; export unit values are not transaction prices, invoice prices, FOB contract prices, margins, or profit."
A,2021-01-01,2021,Rep. of Korea,KOR,1872.301892,2860.683796,3938.230722,56521105.67,109081675,8417907.125,30188.03,38131.329,2137.4845,ok,ok,ok,0.82,-34.550547,-52.458299,ok,"Benchmark signal only; export unit values are not transaction prices, invoice prices, FOB contract prices, margins, or profit."
A,2021-01-01,2021,Romania,ROU,1703.404942,2568.383537,1871.142277,3161025.584,7506368,953180.926,1855.71,2922.604,509.41125,ok,ok,ok,0.82,-33.677937,-8.964435,ok,"Benchmark signal only; export unit values are not transaction prices, invoice prices, FOB contract prices, margins, or profit."
A,2021-01-01,2021,Russian Federation,RUS,1746.11824,2455.088451,1710.499271,129111841.558,132823877,14719272.48,73942.21,54101.463,8605.2492,ok,ok,ok,0.82,-28.877583,2.082373,ok,"Benchmark signal only; export unit values are not transaction prices, invoice prices, FOB contract prices, margins, or profit."
A,2021-01-01,2021,Saudi Arabia,SAU,2260.753451,2982.077568,5138.08066,119571.25,17717764,2230083.05,52.89,5941.41621,434.03037,ok,ok,ok,0.82,-24.188644,-56.00004,ok,"Benchmark signal only; export unit values are not transaction prices, invoice prices, FOB contract prices, margins, or profit."
A,2021-01-01,2021,Senegal,SEN,1756.666667,,,202368,,,115.2,,,ok,,,0.82,,,missing_competitors,"Benchmark signal only; export unit values are not transaction prices, invoice prices, FOB contract prices, margins, or profit."
A,2021-01-01,2021,Singapore,SGP,2119.212033,3430.191546,1780.751577,303560.17,2966265,9575087.702,143.242,864.752,5376.992402,ok,ok,ok,0.82,-38.218843,19.006607,ok,"Benchmark signal only; export unit values are not transaction prices, invoice prices, FOB contract prices, margins, or profit."
A,2021-01-01,2021,Slovenia,SVN,1758.737192,2164.971736,,5007110.716,49698669,,2846.992,22955.805,,ok,ok,,0.82,-18.763965,,ok,"Benchmark signal only; export unit values are not transaction prices, invoice prices, FOB contract prices, margins, or profit."
A,2021-01-01,2021,South Africa,ZAF,1692.197634,1689.545245,4284.444444,3361635.21,21107852,740352,1986.55,12493.215,172.8,ok,ok,ok,0.82,0.156988,-60.503686,ok,"Benchmark signal only; export unit values are not transaction prices, invoice prices, FOB contract prices, margins, or profit."
A,2021-01-01,2021,Spain,ESP,1726.808659,2447.729418,1741.316591,89091394.551,138564807,57536373.85,51593.09,56609.528,33041.88,ok,ok,ok,0.82,-29.452633,-0.833159,ok,"Benchmark signal only; export unit values are not transaction prices, invoice prices, FOB contract prices, margins, or profit."
A,2021-01-01,2021,Sri Lanka,LKA,1863.354037,,8337.908497,1500,,1275.7,0.805,,0.153,low_volume_for_competitor_benchmark,,low_volume_for_competitor_benchmark,0.55,,-77.652021,vietnam_low_quality,"Benchmark signal only; export unit values are not transaction prices, invoice prices, FOB contract prices, margins, or profit."
A,2021-01-01,2021,Sweden,SWE,1812.68847,2549.651316,3900.782819,4292482.55,93402190,444732.15,2368.02,36633.319,114.011,ok,ok,ok,0.82,-28.904456,-53.530136,ok,"Benchmark signal only; export unit values are not transaction prices, invoice prices, FOB contract prices, margins, or profit."
A,2021-01-01,2021,Thailand,THA,1701.586399,2595.53875,1592.161402,53658931.545,149638,7286724.72,31534.65,57.652,4576.6244,ok,ok,ok,0.82,-34.44188,6.872733,ok,"Benchmark signal only; export unit values are not transaction prices, invoice prices, FOB contract prices, margins, or profit."
A,2021-01-01,2021,Tunisia,TUN,1635.813894,2340.112789,,8051085.026,25005088,,4921.761,10685.42,,ok,ok,,0.82,-30.096793,,ok,"Benchmark signal only; export unit values are not transaction prices, invoice prices, FOB contract prices, margins, or profit."
A,2021-01-01,2021,Türkiye,TUR,2111.11742,2622.148944,2102.71626,2106937.408,155888210,885455.92,998.02,59450.555,421.101,ok,ok,ok,0.82,-19.489035,0.399538,ok,"Benchmark signal only; export unit values are not transaction prices, invoice prices, FOB contract prices, margins, or profit."
A,2021-01-01,2021,Ukraine,UKR,1768.376969,2782.439858,2103.474005,10752699.273,9812775,323610.01,6080.547,3526.68,153.8455,ok,ok,ok,0.82,-36.445096,-15.930648,ok,"Benchmark signal only; export unit values are not transaction prices, invoice prices, FOB contract prices, margins, or profit."
A,2021-01-01,2021,United Arab Emirates,ARE,2163.563514,2576.816694,2239.310115,7680092.275,17948559,8284203.711,3549.742,6965.4,3699.4446,ok,ok,ok,0.82,-16.037353,-3.382586,ok,"Benchmark signal only; export unit values are not transaction prices, invoice prices, FOB contract prices, margins, or profit."
A,2021-01-01,2021,United Kingdom,GBR,1759.922778,2781.584905,2097.944322,49509285.222,122550186,25719852.471,28131.51,44057.683,12259.5496,ok,ok,ok,0.82,-36.729496,-16.112036,ok,"Benchmark signal only; export unit values are not transaction prices, invoice prices, FOB contract prices, margins, or profit."
A,2021-01-01,2021,Uruguay,URY,5000,2331.915957,,3500,2940033,,0.7,1260.78,,low_volume_for_competitor_benchmark,ok,,0.55,114.415961,,vietnam_low_quality,"Benchmark signal only; export unit values are not transaction prices, invoice prices, FOB contract prices, margins, or profit."
A,2021-01-01,2021,USA,USA,1850.766288,2517.039175,3375.89899,226239632.851,1121612083,194769128.832,122241.06,445607.718,57694.0037,ok,ok,ok,0.82,-26.470501,-45.177083,ok,"Benchmark signal only; export unit values are not transaction prices, invoice prices, FOB contract prices, margins, or profit."
A,2022-01-01,2022,Algeria,DZA,1999.781622,2454.236708,1957.2417,84978580.273,4488313,25723049.04,42493.93,1828.802,13142.5,ok,ok,ok,0.82,-18.517166,2.173463,ok,"Benchmark signal only; export unit values are not transaction prices, invoice prices, FOB contract prices, margins, or profit."
A,2022-01-01,2022,Argentina,ARG,2062.947267,,2066.54,513261.28,,247984.8,248.8,,120,ok,,ok,0.82,,-0.173853,ok,"Benchmark signal only; export unit values are not transaction prices, invoice prices, FOB contract prices, margins, or profit."
A,2022-01-01,2022,Australia,AUS,2072.891877,,4649.757658,38665818.01,,8713367.424,18653.08,,1873.94012,ok,,ok,0.82,,-55.419357,ok,"Benchmark signal only; export unit values are not transaction prices, invoice prices, FOB contract prices, margins, or profit."
A,2022-01-01,2022,Bangladesh,BGD,4025,,8966.666667,16100,,1345,4,,0.15,low_volume_for_competitor_benchmark,,low_volume_for_competitor_benchmark,0.55,,-55.111524,vietnam_low_quality,"Benchmark signal only; export unit values are not transaction prices, invoice prices, FOB contract prices, margins, or profit."
A,2022-01-01,2022,Belgium,BEL,2097.135112,,2926.081306,253068843.617,,64899898.158,120673.6,,22179.8,ok,,ok,0.82,,-28.329568,ok,"Benchmark signal only; export unit values are not transaction prices, invoice prices, FOB contract prices, margins, or profit."
A,2022-01-01,2022,Brazil,BRA,1915,,,574500,,,300,,,ok,,,0.82,,,missing_competitors,"Benchmark signal only; export unit values are not transaction prices, invoice prices, FOB contract prices, margins, or profit."
A,2022-01-01,2022,Bulgaria,BGR,3022.152223,,1986.972164,3053038.619,,1030046.37,1010.22,,518.4,ok,,ok,0.82,,52.098367,ok,"Benchmark signal only; export unit values are not transaction prices, invoice prices, FOB contract prices, margins, or profit."
A,2022-01-01,2022,Cambodia,KHM,3389.664333,,7765.903705,1107135.554,,255892.6,326.621,,32.950782,ok,,low_volume_for_competitor_benchmark,0.55,,-56.351965,ok,"Benchmark signal only; export unit values are not transaction prices, invoice prices, FOB contract prices, margins, or profit."
A,2022-01-01,2022,Canada,CAN,2563.566167,,6796.454411,16194601.21,,15601261.101,6317.216,,2295.5,ok,,ok,0.82,,-62.28083,ok,"Benchmark signal only; export unit values are not transaction prices, invoice prices, FOB contract prices, margins, or profit."
A,2022-01-01,2022,Chile,CHL,1993.538821,,,1260434.855,,,632.26,,,ok,,,0.82,,,missing_competitors,"Benchmark signal only; export unit values are not transaction prices, invoice prices, FOB contract prices, margins, or profit."
A,2022-01-01,2022,China,CHN,1875.151784,,3177.010354,41651557.729,,30724692.429,22212.366,,9670.94501,ok,,ok,0.82,,-40.977473,ok,"Benchmark signal only; export unit values are not transaction prices, invoice prices, FOB contract prices, margins, or profit."
A,2022-01-01,2022,"China, Hong Kong SAR",HKG,2004.970795,,2970.009435,1747195.71,,3182091.898,871.432,,1071.40801,ok,,ok,0.82,,-32.49278,ok,"Benchmark signal only; export unit values are not transaction prices, invoice prices, FOB contract prices, margins, or profit."
A,2022-01-01,2022,Colombia,COL,2109.012319,,,4712280.11,,,2234.354,,,ok,,,0.82,,,missing_competitors,"Benchmark signal only; export unit values are not transaction prices, invoice prices, FOB contract prices, margins, or profit."
A,2022-01-01,2022,Costa Rica,CRI,2430.630078,,,186672.39,,,76.8,,,ok,,,0.82,,,missing_competitors,"Benchmark signal only; export unit values are not transaction prices, invoice prices, FOB contract prices, margins, or profit."
A,2022-01-01,2022,Croatia,HRV,2007.695194,,9416.666667,3537779.778,,2825,1762.11,,0.3,ok,,low_volume_for_competitor_benchmark,0.55,,-78.679343,ok,"Benchmark signal only; export unit values are not transaction prices, invoice prices, FOB contract prices, margins, or profit."
A,2022-01-01,2022,Czechia,CZE,2026.762532,,5813.990871,3433538.406,,40888.635,1694.1,,7.0328,ok,,low_volume_for_competitor_benchmark,0.55,,-65.139909,ok,"Benchmark signal only; export unit values are not transaction prices, invoice prices, FOB contract prices, margins, or profit."
A,2022-01-01,2022,Denmark,DNK,1988.0237,,8470.851788,2073111.114,,163402.731,1042.8,,19.29,ok,,low_volume_for_competitor_benchmark,0.55,,-76.531006,ok,"Benchmark signal only; export unit values are not transaction prices, invoice prices, FOB contract prices, margins, or profit."
A,2022-01-01,2022,Dominican Rep.,DOM,1995.127655,,1814.176471,9704085.442,,148036.8,4863.892,,81.6,ok,,ok,0.82,,9.974288,ok,"Benchmark signal only; export unit values are not transaction prices, invoice prices, FOB contract prices, margins, or profit."
A,2022-01-01,2022,Ecuador,ECU,1953.505185,,1853.822448,36844611.986,,5534127.17,18860.77,,2985.252,ok,,ok,0.82,,5.377146,ok,"Benchmark signal only; export unit values are not transaction prices, invoice prices, FOB contract prices, margins, or profit."
A,2022-01-01,2022,Egypt,EGY,2192.324711,,2183.697771,35642113.602,,81732313.639,16257.68,,37428.4,ok,,ok,0.82,,0.395061,ok,"Benchmark signal only; export unit values are not transaction prices, invoice prices, FOB contract prices, margins, or profit."
A,2022-01-01,2022,Estonia,EST,2068.655944,,1940.019965,3447315.836,,111745.15,1666.452,,57.6,ok,,ok,0.82,,6.630652,ok,"Benchmark signal only; export unit values are not transaction prices, invoice prices, FOB contract prices, margins, or profit."
A,2022-01-01,2022,Finland,FIN,2451.049851,,,1480524.799,,,604.037,,,ok,,,0.82,,,missing_competitors,"Benchmark signal only; export unit values are not transaction prices, invoice prices, FOB contract prices, margins, or profit."
A,2022-01-01,2022,France,FRA,2343.575362,,3029.002514,51808787.76,,2649586.63,22106.73,,874.739,ok,,ok,0.82,,-22.628808,ok,"Benchmark signal only; export unit values are not transaction prices, invoice prices, FOB contract prices, margins, or profit."
A,2022-01-01,2022,Germany,DEU,2063.271108,,2188.930974,454090248.877,,80938951.438,220082.686734,,36976.475,ok,,ok,0.82,,-5.740696,ok,"Benchmark signal only; export unit values are not transaction prices, invoice prices, FOB contract prices, margins, or profit."
A,2022-01-01,2022,Greece,GRC,2086.583574,,1938.151822,16582964.377,,5743519.11,7947.424,,2963.4,ok,,ok,0.82,,7.658417,ok,"Benchmark signal only; export unit values are not transaction prices, invoice prices, FOB contract prices, margins, or profit."
A,2022-01-01,2022,India,IND,1904.436145,,1643.542628,55675962.169,,71653363.584,29234.88,,43596.9,ok,,ok,0.82,,15.873852,ok,"Benchmark signal only; export unit values are not transaction prices, invoice prices, FOB contract prices, margins, or profit."
A,2022-01-01,2022,Indonesia,IDN,1981.486441,,,11779322.633,,,5944.69,,,ok,,,0.82,,,missing_competitors,"Benchmark signal only; export unit values are not transaction prices, invoice prices, FOB contract prices, margins, or profit."
A,2022-01-01,2022,Iraq,IRQ,2500,,,96000,,,38.4,,,low_volume_for_competitor_benchmark,,,0.55,,,missing_competitors,"Benchmark signal only; export unit values are not transaction prices, invoice prices, FOB contract prices, margins, or profit."
A,2022-01-01,2022,Ireland,IRL,3585.433504,,6723.97816,2551910.784,,1936505.71,711.744,,288,ok,,ok,0.82,,-46.676901,ok,"Benchmark signal only; export unit values are not transaction prices, invoice prices, FOB contract prices, margins, or profit."
A,2022-01-01,2022,Israel,ISR,2096.912413,,4479.698517,11913645.619,,694801.24,5681.518,,155.1,ok,,ok,0.82,,-53.190769,ok,"Benchmark signal only; export unit values are not transaction prices, invoice prices, FOB contract prices, margins, or profit."
A,2022-01-01,2022,Italy,ITA,2102.837582,,2040.524353,290820187.608,,48985215.326,138298.93,,24006.19,ok,,ok,0.82,,3.053785,ok,"Benchmark signal only; export unit values are not transaction prices, invoice prices, FOB contract prices, margins, or profit."
A,2022-01-01,2022,Japan,JPN,2155.942005,,3140.698209,206550035.42,,59087283.609,95805.005376,,18813.4229,ok,,ok,0.82,,-31.354691,ok,"Benchmark signal only; export unit values are not transaction prices, invoice prices, FOB contract prices, margins, or profit."
A,2022-01-01,2022,Kazakhstan,KAZ,2967.1875,,,113940,,,38.4,,,low_volume_for_competitor_benchmark,,,0.55,,,missing_competitors,"Benchmark signal only; export unit values are not transaction prices, invoice prices, FOB contract prices, margins, or profit."
A,2022-01-01,2022,Kuwait,KWT,2315.038896,,6325.247525,1196319.5,,63885,516.76,,10.1,ok,,low_volume_for_competitor_benchmark,0.55,,-63.400027,ok,"Benchmark signal only; export unit values are not transaction prices, invoice prices, FOB contract prices, margins, or profit."
A,2022-01-01,2022,Latvia,LVA,1956.669118,,6562.452166,638656.8,,305941.52,326.4,,46.62,ok,,low_volume_for_competitor_benchmark,0.55,,-70.183872,ok,"Benchmark signal only; export unit values are not transaction prices, invoice prices, FOB contract prices, margins, or profit."
A,2022-01-01,2022,Lithuania,LTU,2272.197945,,,1331099,,,585.82,,,ok,,,0.82,,,missing_competitors,"Benchmark signal only; export unit values are not transaction prices, invoice prices, FOB contract prices, margins, or profit."
A,2022-01-01,2022,Malaysia,MYS,2011.593864,,2036.931729,41405199.739,,53134157.101,20583.28,,26085.38929,ok,,ok,0.82,,-1.243923,ok,"Benchmark signal only; export unit values are not transaction prices, invoice prices, FOB contract prices, margins, or profit."
A,2022-01-01,2022,Mexico,MEX,1990.149959,,2054.188107,61716878.707,,5057205.7,31011.17,,2461.9,ok,,ok,0.82,,-3.117443,ok,"Benchmark signal only; export unit values are not transaction prices, invoice prices, FOB contract prices, margins, or profit."
A,2022-01-01,2022,Morocco,MAR,1962.486922,,1973.112201,12477648.847,,18212614.86,6358.08,,9230.4,ok,,ok,0.82,,-0.538504,ok,"Benchmark signal only; export unit values are not transaction prices, invoice prices, FOB contract prices, margins, or profit."
A,2022-01-01,2022,Myanmar,MMR,4332.437128,,,166140.299,,,38.348,,,low_volume_for_competitor_benchmark,,,0.55,,,missing_competitors,"Benchmark signal only; export unit values are not transaction prices, invoice prices, FOB contract prices, margins, or profit."
A,2022-01-01,2022,Netherlands,NLD,2189.586904,,3106.89725,63885489.528,,11178090.524,29176.96,,3597.83077,ok,,ok,0.82,,-29.524966,ok,"Benchmark signal only; export unit values are not transaction prices, invoice prices, FOB contract prices, margins, or profit."
A,2022-01-01,2022,New Zealand,NZL,1835.170353,,5780.562597,2015954.82,,2032445.809,1098.511,,351.6,ok,,ok,0.82,,-68.252738,ok,"Benchmark signal only; export unit values are not transaction prices, invoice prices, FOB contract prices, margins, or profit."
A,2022-01-01,2022,Norway,NOR,2051.092222,,5674.873588,398732.328,,1024882.17,194.4,,180.6,ok,,ok,0.82,,-63.856601,ok,"Benchmark signal only; export unit values are not transaction prices, invoice prices, FOB contract prices, margins, or profit."
A,2022-01-01,2022,"Other Asia, nes",S19,2746.382343,,3830.301988,2302764.696,,16343015.01,838.472,,4266.76932,ok,,ok,0.82,,-28.298543,ok,"Benchmark signal only; export unit values are not transaction prices, invoice prices, FOB contract prices, margins, or profit."
A,2022-01-01,2022,Panama,PAN,2350,,,44650,,,19,,,low_volume_for_competitor_benchmark,,,0.55,,,missing_competitors,"Benchmark signal only; export unit values are not transaction prices, invoice prices, FOB contract prices, margins, or profit."
A,2022-01-01,2022,Philippines,PHL,2052.492093,,2384.491394,72521955.151,,5534549.98,35333.61,,2321.061,ok,,ok,0.82,,-13.923275,ok,"Benchmark signal only; export unit values are not transaction prices, invoice prices, FOB contract prices, margins, or profit."
A,2022-01-01,2022,Poland,POL,1970.560142,,1850.973795,19463912.22,,1628575.592,9877.35,,879.848,ok,,ok,0.82,,6.460726,ok,"Benchmark signal only; export unit values are not transaction prices, invoice prices, FOB contract prices, margins, or profit."
A,2022-01-01,2022,Portugal,PRT,2092.647212,,2113.619591,22838837.778,,4281073.072,10913.85,,2025.47,ok,,ok,0.82,,-0.992249,ok,"Benchmark signal only; export unit values are not transaction prices, invoice prices, FOB contract prices, margins, or profit."
A,2022-01-01,2022,Qatar,QAT,2674.603175,,10358.490566,67400,,32940,25.2,,3.18,low_volume_for_competitor_benchmark,,low_volume_for_competitor_benchmark,0.55,,-74.179605,vietnam_low_quality,"Benchmark signal only; export unit values are not transaction prices, invoice prices, FOB contract prices, margins, or profit."
A,2022-01-01,2022,Rep. of Korea,KOR,2139.723435,,3824.993755,66282983.159,,13636305.46,30977.36,,3565.053,ok,,ok,0.82,,-44.059427,ok,"Benchmark signal only; export unit values are not transaction prices, invoice prices, FOB contract prices, margins, or profit."
A,2022-01-01,2022,Romania,ROU,1977.90247,,1907.882353,3822122.468,,648680,1932.412,,340,ok,,ok,0.82,,3.670044,ok,"Benchmark signal only; export unit values are not transaction prices, invoice prices, FOB contract prices, margins, or profit."
A,2022-01-01,2022,Russian Federation,RUS,2057.502503,,1946.199004,196297466.576,,44167429.44,95405.7,,22694.2,ok,,ok,0.82,,5.719019,ok,"Benchmark signal only; export unit values are not transaction prices, invoice prices, FOB contract prices, margins, or profit."
A,2022-01-01,2022,Saudi Arabia,SAU,2556.109079,,4842.37881,1537244,,3816036.96,601.4,,788.05007,ok,,ok,0.82,,-47.213773,ok,"Benchmark signal only; export unit values are not transaction prices, invoice prices, FOB contract prices, margins, or profit."
A,2022-01-01,2022,Senegal,SEN,2250,,,43875,,,19.5,,,low_volume_for_competitor_benchmark,,,0.55,,,missing_competitors,"Benchmark signal only; export unit values are not transaction prices, invoice prices, FOB contract prices, margins, or profit."
A,2022-01-01,2022,Singapore,SGP,2479.033116,,3156.739311,277651.709,,20744948.169,112,,6571.63805,ok,,ok,0.82,,-21.468551,ok,"Benchmark signal only; export unit values are not transaction prices, invoice prices, FOB contract prices, margins, or profit."
A,2022-01-01,2022,Slovenia,SVN,2128.068831,,2039.090104,10736849.946,,39150.53,5045.349,,19.2,ok,,low_volume_for_competitor_benchmark,0.55,,4.363649,ok,"Benchmark signal only; export unit values are not transaction prices, invoice prices, FOB contract prices, margins, or profit."
A,2022-01-01,2022,South Africa,ZAF,1944.291153,,5872.767648,9779628.956,,1240334.4,5029.92,,211.201,ok,,ok,0.82,,-66.893103,ok,"Benchmark signal only; export unit values are not transaction prices, invoice prices, FOB contract prices, margins, or profit."
A,2022-01-01,2022,Spain,ESP,2022.476242,,2010.316536,161034432.594,,34911156.966,79622.41,,17366,ok,,ok,0.82,,0.604865,ok,"Benchmark signal only; export unit values are not transaction prices, invoice prices, FOB contract prices, margins, or profit."
A,2022-01-01,2022,Sweden,SWE,2576.79695,,2932.800399,4667944.978,,1175466.4,1811.53,,400.8,ok,,ok,0.82,,-12.138687,ok,"Benchmark signal only; export unit values are not transaction prices, invoice prices, FOB contract prices, margins, or profit."
A,2022-01-01,2022,Switzerland,CHE,2697.377728,,22674.015076,53386.5,,7971.05,19.792,,0.35155,low_volume_for_competitor_benchmark,,low_volume_for_competitor_benchmark,0.55,,-88.103661,vietnam_low_quality,"Benchmark signal only; export unit values are not transaction prices, invoice prices, FOB contract prices, margins, or profit."
A,2022-01-01,2022,Thailand,THA,2207.211242,,2885.226261,61628251.4,,748272.467,27921.32,,259.3462,ok,,ok,0.82,,-23.499544,ok,"Benchmark signal only; export unit values are not transaction prices, invoice prices, FOB contract prices, margins, or profit."
A,2022-01-01,2022,Tunisia,TUN,1903.534176,,,6965140.05,,,3659.057,,,ok,,,0.82,,,missing_competitors,"Benchmark signal only; export unit values are not transaction prices, invoice prices, FOB contract prices, margins, or profit."
A,2022-01-01,2022,Türkiye,TUR,2386.189257,,2102.737749,3910009.716,,1671344.278,1638.6,,794.842,ok,,ok,0.82,,13.480117,ok,"Benchmark signal only; export unit values are not transaction prices, invoice prices, FOB contract prices, margins, or profit."
A,2022-01-01,2022,Ukraine,UKR,2144.033547,,4206.859801,1673969.2,,229728.2,780.757,,54.608,ok,,ok,0.82,,-49.034823,ok,"Benchmark signal only; export unit values are not transaction prices, invoice prices, FOB contract prices, margins, or profit."
A,2022-01-01,2022,United Arab Emirates,ARE,2277.893206,,2604.095967,10530841.52,,9089868.71,4623.062,,3490.60435,ok,,ok,0.82,,-12.526526,ok,"Benchmark signal only; export unit values are not transaction prices, invoice prices, FOB contract prices, margins, or profit."
A,2022-01-01,2022,United Kingdom,GBR,1998.958919,,2322.631325,79878628.286,,48259680.13,39960.115,,20778.02,ok,,ok,0.82,,-13.935591,ok,"Benchmark signal only; export unit values are not transaction prices, invoice prices, FOB contract prices, margins, or profit."
A,2022-01-01,2022,USA,USA,2160.63072,,4811.923624,254532081.849,,268554196.781,117804.527851,,55810.15364,ok,,ok,0.82,,-55.0984,ok,"Benchmark signal only; export unit values are not transaction prices, invoice prices, FOB contract prices, margins, or profit."
A,2022-01-01,2022,Venezuela,VEN,2207.422897,,,755821.6,,,342.4,,,ok,,,0.82,,,missing_competitors,"Benchmark signal only; export unit values are not transaction prices, invoice prices, FOB contract prices, margins, or profit."
A,2023-01-01,2023,Algeria,DZA,2995.99396,,2541.23851,160171544.473,,13446607.8,53461.904998,,5291.36,ok,,ok,0.82,,17.895032,ok,"Benchmark signal only; export unit values are not transaction prices, invoice prices, FOB contract prices, margins, or profit."
A,2023-01-01,2023,Argentina,ARG,2898.026068,,,1157801.74,,,399.513915,,,ok,,,0.82,,,missing_competitors,"Benchmark signal only; export unit values are not transaction prices, invoice prices, FOB contract prices, margins, or profit."
A,2023-01-01,2023,Australia,AUS,3213.931568,,4312.259951,28012401.338,,7782483.314,8715.929617,,1804.73427,ok,,ok,0.82,,-25.469902,ok,"Benchmark signal only; export unit values are not transaction prices, invoice prices, FOB contract prices, margins, or profit."
A,2023-01-01,2023,Bangladesh,BGD,3576.510531,,,56995,,,15.935924,,,low_volume_for_competitor_benchmark,,,0.55,,,missing_competitors,"Benchmark signal only; export unit values are not transaction prices, invoice prices, FOB contract prices, margins, or profit."
A,2023-01-01,2023,Belgium,BEL,2810.825367,,5693.070559,138717432.068,,19532241.92,49351.138529,,3430.88,ok,,ok,0.82,,-50.627252,ok,"Benchmark signal only; export unit values are not transaction prices, invoice prices, FOB contract prices, margins, or profit."
A,2023-01-01,2023,Brazil,BRA,2207.556557,,,806053,,,365.133567,,,ok,,,0.82,,,missing_competitors,"Benchmark signal only; export unit values are not transaction prices, invoice prices, FOB contract prices, margins, or profit."
A,2023-01-01,2023,Bulgaria,BGR,3143.865619,,2571.583339,1551827.33,,1210533.46,493.604854,,470.73468,ok,,ok,0.82,,22.254083,ok,"Benchmark signal only; export unit values are not transaction prices, invoice prices, FOB contract prices, margins, or profit."
A,2023-01-01,2023,Cambodia,KHM,3698.244263,,8442.607618,848988.084,,131791.3,229.565173,,15.61026,ok,,low_volume_for_competitor_benchmark,0.55,,-56.195474,ok,"Benchmark signal only; export unit values are not transaction prices, invoice prices, FOB contract prices, margins, or profit."
A,2023-01-01,2023,Canada,CAN,2857.528103,,6887.014768,17483475.965,,19423459.664,6118.391607,,2820.30173,ok,,ok,0.82,,-58.508466,ok,"Benchmark signal only; export unit values are not transaction prices, invoice prices, FOB contract prices, margins, or profit."
A,2023-01-01,2023,Chile,CHL,2212.353038,,,1617007.269,,,730.899292,,,ok,,,0.82,,,missing_competitors,"Benchmark signal only; export unit values are not transaction prices, invoice prices, FOB contract prices, margins, or profit."
A,2023-01-01,2023,China,CHN,2961.506056,,3508.974501,48804138.879,,32488242.895,16479.499941,,9258.6147,ok,,ok,0.82,,-15.60195,ok,"Benchmark signal only; export unit values are not transaction prices, invoice prices, FOB contract prices, margins, or profit."
A,2023-01-01,2023,"China, Hong Kong SAR",HKG,2908.222564,,3129.930951,1310811.468,,2035943.776,450.725981,,650.47562,ok,,ok,0.82,,-7.083491,ok,"Benchmark signal only; export unit values are not transaction prices, invoice prices, FOB contract prices, margins, or profit."
A,2023-01-01,2023,Colombia,COL,2575.547254,,,9752677.91,,,3786.642973,,,ok,,,0.82,,,missing_competitors,"Benchmark signal only; export unit values are not transaction prices, invoice prices, FOB contract prices, margins, or profit."
A,2023-01-01,2023,Costa Rica,CRI,2469,,,98760,,,40,,,low_volume_for_competitor_benchmark,,,0.55,,,missing_competitors,"Benchmark signal only; export unit values are not transaction prices, invoice prices, FOB contract prices, margins, or profit."
A,2023-01-01,2023,Croatia,HRV,2817.8046,,,3777523.036,,,1340.59084,,,ok,,,0.82,,,missing_competitors,"Benchmark signal only; export unit values are not transaction prices, invoice prices, FOB contract prices, margins, or profit."
A,2023-01-01,2023,Cyprus,CYP,1514,,,28987.044,,,19.146,,,low_volume_for_competitor_benchmark,,,0.55,,,missing_competitors,"Benchmark signal only; export unit values are not transaction prices, invoice prices, FOB contract prices, margins, or profit."
A,2023-01-01,2023,Czechia,CZE,2992.195464,,14148.443998,2228245.76,,91182.76,744.685896,,6.44472,ok,,low_volume_for_competitor_benchmark,0.55,,-78.851417,ok,"Benchmark signal only; export unit values are not transaction prices, invoice prices, FOB contract prices, margins, or profit."
A,2023-01-01,2023,Denmark,DNK,2713.901608,,7809.416532,4077338.148,,554398.289,1502.38982,,70.991,ok,,ok,0.82,,-65.248343,ok,"Benchmark signal only; export unit values are not transaction prices, invoice prices, FOB contract prices, margins, or profit."
A,2023-01-01,2023,Dominican Rep.,DOM,2403.449102,,,8845874.23,,,3680.491599,,,ok,,,0.82,,,missing_competitors,"Benchmark signal only; export unit values are not transaction prices, invoice prices, FOB contract prices, margins, or profit."
A,2023-01-01,2023,Ecuador,ECU,2243.666337,,,26454549.153,,,11790.767957,,,ok,,,0.82,,,missing_competitors,"Benchmark signal only; export unit values are not transaction prices, invoice prices, FOB contract prices, margins, or profit."
A,2023-01-01,2023,Egypt,EGY,2860.969818,,2637.638268,45789791.192,,84530587.029,16004.989251,,32047.8316,ok,,ok,0.82,,8.467103,ok,"Benchmark signal only; export unit values are not transaction prices, invoice prices, FOB contract prices, margins, or profit."
A,2023-01-01,2023,Estonia,EST,3067.688365,,2896.769556,1011149.37,,109613.76,329.612806,,37.84,ok,,low_volume_for_competitor_benchmark,0.55,,5.900325,ok,"Benchmark signal only; export unit values are not transaction prices, invoice prices, FOB contract prices, margins, or profit."
A,2023-01-01,2023,Finland,FIN,2722.319691,,,815888.244,,,299.703318,,,ok,,,0.82,,,missing_competitors,"Benchmark signal only; export unit values are not transaction prices, invoice prices, FOB contract prices, margins, or profit."
A,2023-01-01,2023,France,FRA,2861.809558,,3855.595939,47149558.302,,2485308.66,16475.43533,,644.5978,ok,,ok,0.82,,-25.775169,ok,"Benchmark signal only; export unit values are not transaction prices, invoice prices, FOB contract prices, margins, or profit."
A,2023-01-01,2023,Germany,DEU,2827.272108,,3478.341365,440611665.078,,32906638.249,155843.388342,,9460.43956,ok,,ok,0.82,,-18.717808,ok,"Benchmark signal only; export unit values are not transaction prices, invoice prices, FOB contract prices, margins, or profit."
A,2023-01-01,2023,Greece,GRC,3008.885113,,2463.950386,19562353.034,,3450516.12,6501.528738,,1400.4,ok,,ok,0.82,,22.116303,ok,"Benchmark signal only; export unit values are not transaction prices, invoice prices, FOB contract prices, margins, or profit."
A,2023-01-01,2023,Hungary,HUN,2945,,,58900,,,20,,,low_volume_for_competitor_benchmark,,,0.55,,,missing_competitors,"Benchmark signal only; export unit values are not transaction prices, invoice prices, FOB contract prices, margins, or profit."
A,2023-01-01,2023,India,IND,2649.327384,,2109.613603,59960430.883,,50232624.881,22632.322169,,23811.2917,ok,,ok,0.82,,25.583537,ok,"Benchmark signal only; export unit values are not transaction prices, invoice prices, FOB contract prices, margins, or profit."
A,2023-01-01,2023,Indonesia,IDN,2943.445678,,,59202443.293,,,20113.312686,,,ok,,,0.82,,,missing_competitors,"Benchmark signal only; export unit values are not transaction prices, invoice prices, FOB contract prices, margins, or profit."
A,2023-01-01,2023,Iraq,IRQ,2286.764625,,,109764.702,,,48,,,low_volume_for_competitor_benchmark,,,0.55,,,missing_competitors,"Benchmark signal only; export unit values are not transaction prices, invoice prices, FOB contract prices, margins, or profit."
A,2023-01-01,2023,Ireland,IRL,3504.323398,,6737.726042,2099081.088,,905550.38,598.997538,,134.4,ok,,ok,0.82,,-47.989524,ok,"Benchmark signal only; export unit values are not transaction prices, invoice prices, FOB contract prices, margins, or profit."
A,2023-01-01,2023,Israel,ISR,3157.903047,,3659.646787,13203916.556,,561463.01,4181.22924,,153.42,ok,,ok,0.82,,-13.710168,ok,"Benchmark signal only; export unit values are not transaction prices, invoice prices, FOB contract prices, margins, or profit."
A,2023-01-01,2023,Italy,ITA,2746.359224,,2417.033834,318124614.973,,43801491.98,115835.034321,,18122.002,ok,,ok,0.82,,13.625187,ok,"Benchmark signal only; export unit values are not transaction prices, invoice prices, FOB contract prices, margins, or profit."
A,2023-01-01,2023,Japan,JPN,3053.209107,,4115.171401,233694701.733,,63029945.146,76540.680167,,15316.48114,ok,,ok,0.82,,-25.806028,ok,"Benchmark signal only; export unit values are not transaction prices, invoice prices, FOB contract prices, margins, or profit."
A,2023-01-01,2023,Kuwait,KWT,2972.723588,,,1551813.7,,,522.017488,,,ok,,,0.82,,,missing_competitors,"Benchmark signal only; export unit values are not transaction prices, invoice prices, FOB contract prices, margins, or profit."
A,2023-01-01,2023,Lao People's Dem. Rep.,LAO,2079.00205,,,41580.041,,,20,,,low_volume_for_competitor_benchmark,,,0.55,,,missing_competitors,"Benchmark signal only; export unit values are not transaction prices, invoice prices, FOB contract prices, margins, or profit."
A,2023-01-01,2023,Latvia,LVA,1866.552239,,10473.077123,2501180,,282458.89,1340,,26.97,ok,,low_volume_for_competitor_benchmark,0.55,,-82.177614,ok,"Benchmark signal only; export unit values are not transaction prices, invoice prices, FOB contract prices, margins, or profit."
A,2023-01-01,2023,Lithuania,LTU,3175.739551,,,1486218.3,,,467.991243,,,ok,,,0.82,,,missing_competitors,"Benchmark signal only; export unit values are not transaction prices, invoice prices, FOB contract prices, margins, or profit."
A,2023-01-01,2023,Malaysia,MYS,3075.467871,,2669.444206,41295639.691,,60536180.151,13427.433296,,22677.44724,ok,,ok,0.82,,15.210045,ok,"Benchmark signal only; export unit values are not transaction prices, invoice prices, FOB contract prices, margins, or profit."
A,2023-01-01,2023,Mexico,MEX,2617.278085,,2093.226496,65831366.102,,2392139.24,25152.606625,,1142.8,ok,,ok,0.82,,25.035589,ok,"Benchmark signal only; export unit values are not transaction prices, invoice prices, FOB contract prices, margins, or profit."
A,2023-01-01,2023,Morocco,MAR,3035.354062,,2626.509389,18122139.648,,17422162.08,5970.354455,,6633.2,ok,,ok,0.82,,15.566085,ok,"Benchmark signal only; export unit values are not transaction prices, invoice prices, FOB contract prices, margins, or profit."
A,2023-01-01,2023,Myanmar,MMR,3659.64,,,140530.176,,,38.4,,,low_volume_for_competitor_benchmark,,,0.55,,,missing_competitors,"Benchmark signal only; export unit values are not transaction prices, invoice prices, FOB contract prices, margins, or profit."
A,2023-01-01,2023,Netherlands,NLD,2805.407426,,3154.818154,107551088.779,,11972589.316,38337.065693,,3795.01725,ok,,ok,0.82,,-11.075463,ok,"Benchmark signal only; export unit values are not transaction prices, invoice prices, FOB contract prices, margins, or profit."
A,2023-01-01,2023,New Zealand,NZL,2898.680422,,6619.716654,3398963.902,,1885208.32,1172.590078,,284.78686,ok,,ok,0.82,,-56.211412,ok,"Benchmark signal only; export unit values are not transaction prices, invoice prices, FOB contract prices, margins, or profit."
A,2023-01-01,2023,Norway,NOR,2469.574954,,6179.50495,493208.354,,374478,199.713863,,60.6,ok,,ok,0.82,,-60.036039,ok,"Benchmark signal only; export unit values are not transaction prices, invoice prices, FOB contract prices, margins, or profit."
A,2023-01-01,2023,"Other Asia, nes",S19,3192.97504,,4258.14942,3072372.714,,16870671.84,962.228854,,3961.97272,ok,,ok,0.82,,-25.01496,ok,"Benchmark signal only; export unit values are not transaction prices, invoice prices, FOB contract prices, margins, or profit."
A,2023-01-01,2023,Philippines,PHL,3333.348884,,2544.533244,79074884.812,,16248899.474,23722.354773,,6385.8075,ok,,ok,0.82,,31.000406,ok,"Benchmark signal only; export unit values are not transaction prices, invoice prices, FOB contract prices, margins, or profit."
A,2023-01-01,2023,Poland,POL,2862.371339,,2246.651313,26057711.978,,1147207.56,9103.540001,,510.63,ok,,ok,0.82,,27.406123,ok,"Benchmark signal only; export unit values are not transaction prices, invoice prices, FOB contract prices, margins, or profit."
A,2023-01-01,2023,Portugal,PRT,2958.156257,,2630.674301,34474635.686,,6113160.94,11654.095557,,2323.8,ok,,ok,0.82,,12.448594,ok,"Benchmark signal only; export unit values are not transaction prices, invoice prices, FOB contract prices, margins, or profit."
A,2023-01-01,2023,Qatar,QAT,3967.232548,,8130.234108,1680,,24882.988,0.423469,,3.06055,low_volume_for_competitor_benchmark,,low_volume_for_competitor_benchmark,0.55,,-51.203957,vietnam_low_quality,"Benchmark signal only; export unit values are not transaction prices, invoice prices, FOB contract prices, margins, or profit."
A,2023-01-01,2023,Rep. of Korea,KOR,2990.551084,,5138.477813,74619443.776,,11096362.99,24951.736881,,2159.465,ok,,ok,0.82,,-41.800837,ok,"Benchmark signal only; export unit values are not transaction prices, invoice prices, FOB contract prices, margins, or profit."
A,2023-01-01,2023,Romania,ROU,2827.825251,,2641.879652,6585149.37,,984654.965,2328.697421,,372.71,ok,,ok,0.82,,7.038383,ok,"Benchmark signal only; export unit values are not transaction prices, invoice prices, FOB contract prices, margins, or profit."
A,2023-01-01,2023,Russian Federation,RUS,2788.719899,,2343.275221,192279575.614,,17353827.63,68949.045637,,7405.8,ok,,ok,0.82,,19.00949,ok,"Benchmark signal only; export unit values are not transaction prices, invoice prices, FOB contract prices, margins, or profit."
A,2023-01-01,2023,Saudi Arabia,SAU,2713.381898,,8678.599735,966122.2,,1546353.031,356.05832,,178.180015,ok,,ok,0.82,,-68.734796,ok,"Benchmark signal only; export unit values are not transaction prices, invoice prices, FOB contract prices, margins, or profit."
A,2023-01-01,2023,Senegal,SEN,3967.232264,,,47520,,,11.978124,,,low_volume_for_competitor_benchmark,,,0.55,,,missing_competitors,"Benchmark signal only; export unit values are not transaction prices, invoice prices, FOB contract prices, margins, or profit."
A,2023-01-01,2023,Singapore,SGP,3533.189586,,3312.486087,840221.18,,18287256.018,237.808122,,5520.70425,ok,,ok,0.82,,6.662775,ok,"Benchmark signal only; export unit values are not transaction prices, invoice prices, FOB contract prices, margins, or profit."
A,2023-01-01,2023,Slovenia,SVN,2527.5317,,,10001974.099,,,3957.21015,,,ok,,,0.82,,,missing_competitors,"Benchmark signal only; export unit values are not transaction prices, invoice prices, FOB contract prices, margins, or profit."
A,2023-01-01,2023,South Africa,ZAF,2568.543616,,7030.858021,13501008.72,,674962.37,5256.289453,,96,ok,,ok,0.82,,-63.467565,ok,"Benchmark signal only; export unit values are not transaction prices, invoice prices, FOB contract prices, margins, or profit."
A,2023-01-01,2023,Spain,ESP,2876.962645,,2009.393156,160427747.482,,8618042.1,55762.888606,,4288.878,ok,,ok,0.82,,43.175696,ok,"Benchmark signal only; export unit values are not transaction prices, invoice prices, FOB contract prices, margins, or profit."
A,2023-01-01,2023,Sri Lanka,LKA,2567.966819,,,60219.6,,,23.450303,,,low_volume_for_competitor_benchmark,,,0.55,,,missing_competitors,"Benchmark signal only; export unit values are not transaction prices, invoice prices, FOB contract prices, margins, or profit."
A,2023-01-01,2023,Sweden,SWE,2659.675305,,2230,3821627.67,,96336,1436.877525,,43.2,ok,,low_volume_for_competitor_benchmark,0.55,,19.267951,ok,"Benchmark signal only; export unit values are not transaction prices, invoice prices, FOB contract prices, margins, or profit."
A,2023-01-01,2023,Switzerland,CHE,3145.900198,,4131.841302,576892.8,,81232,183.379244,,19.66,ok,,low_volume_for_competitor_benchmark,0.55,,-23.862027,ok,"Benchmark signal only; export unit values are not transaction prices, invoice prices, FOB contract prices, margins, or profit."
A,2023-01-01,2023,Thailand,THA,3231.884341,,2818.837374,72064798.244,,27493433.926,22298.074634,,9753.4658,ok,,ok,0.82,,14.653097,ok,"Benchmark signal only; export unit values are not transaction prices, invoice prices, FOB contract prices, margins, or profit."
A,2023-01-01,2023,Tunisia,TUN,3113.306793,,2534.001892,9427953.563,,776924.98,3028.276424,,306.6,ok,,ok,0.82,,22.861266,ok,"Benchmark signal only; export unit values are not transaction prices, invoice prices, FOB contract prices, margins, or profit."
A,2023-01-01,2023,Türkiye,TUR,3260.87594,,2471.586699,5868492.01,,1930321.57,1799.667365,,781.005,ok,,ok,0.82,,31.934516,ok,"Benchmark signal only; export unit values are not transaction prices, invoice prices, FOB contract prices, margins, or profit."
A,2023-01-01,2023,Ukraine,UKR,3967.232366,,2253.968254,100985.4,,142,25.454874,,0.063,low_volume_for_competitor_benchmark,,low_volume_for_competitor_benchmark,0.55,,76.011013,vietnam_low_quality,"Benchmark signal only; export unit values are not transaction prices, invoice prices, FOB contract prices, margins, or profit."
A,2023-01-01,2023,United Arab Emirates,ARE,3414.841286,,3098.157069,25213111.324,,15591718.748,7383.391852,,5032.57853,ok,,ok,0.82,,10.221697,ok,"Benchmark signal only; export unit values are not transaction prices, invoice prices, FOB contract prices, margins, or profit."
A,2023-01-01,2023,United Kingdom,GBR,2856.910941,,,71042752.429,,,24866.981816,,,ok,,,0.82,,,missing_competitors,"Benchmark signal only; export unit values are not transaction prices, invoice prices, FOB contract prices, margins, or profit."
A,2023-01-01,2023,USA,USA,2918.901157,,,247811857.319,,,84899.023293,,,ok,,,0.82,,,missing_competitors,"Benchmark signal only; export unit values are not transaction prices, invoice prices, FOB contract prices, margins, or profit."
A,2023-01-01,2023,Venezuela,VEN,2117.978439,,,405510.27,,,191.461,,,ok,,,0.82,,,missing_competitors,"Benchmark signal only; export unit values are not transaction prices, invoice prices, FOB contract prices, margins, or profit."