sync_run_id,source_name,source_url,fetched_at,query_params,type_code,freq_code,ref_period_id,period,reporter_code,reporter_iso,reporter_desc,partner_code,partner_iso,partner_desc,flow_code,flow_desc,classification_code,cmd_code,cmd_desc,qty_unit_code,qty_unit_abbr,qty,net_wgt_kg,gross_wgt_kg,trade_value_usd,is_original_classification,is_reported,is_aggregate,raw_payload
,UN Comtrade,https://comtradeapi.un.org/public/v1/preview/C/A/HS?reporterCode=56&partnerCode=704&flowCode=M&cmdCode=090111&period=2023&includeDesc=true,2026-06-01T14:36:45.739Z,"{""importers"":[{""endpoint"":""https://comtradeapi.un.org/public/v1/preview/C/A/HS"",""reporterCode"":276,""reporterISO"":""DEU"",""partnerCode"":704,""partnerISO"":""VNM"",""flowCode"":""M"",""cmdCode"":""090111"",""period"":""2023"",""includeDesc"":true},{""endpoint"":""https://comtradeapi.un.org/public/v1/preview/C/A/HS"",""reporterCode"":842,""reporterISO"":""USA"",""partnerCode"":704,""partnerISO"":""VNM"",""flowCode"":""M"",""cmdCode"":""090111"",""period"":""2023"",""includeDesc"":true},{""endpoint"":""https://comtradeapi.un.org/public/v1/preview/C/A/HS"",""reporterCode"":380,""reporterISO"":""ITA"",""partnerCode"":704,""partnerISO"":""VNM"",""flowCode"":""M"",""cmdCode"":""090111"",""period"":""2023"",""includeDesc"":true},{""endpoint"":""https://comtradeapi.un.org/public/v1/preview/C/A/HS"",""reporterCode"":392,""reporterISO"":""JPN"",""partnerCode"":704,""partnerISO"":""VNM"",""flowCode"":""M"",""cmdCode"":""090111"",""period"":""2023"",""includeDesc"":true},{""endpoint"":""https://comtradeapi.un.org/public/v1/preview/C/A/HS"",""reporterCode"":410,""reporterISO"":""KOR"",""partnerCode"":704,""partnerISO"":""VNM"",""flowCode"":""M"",""cmdCode"":""090111"",""period"":""2023"",""includeDesc"":true},{""endpoint"":""https://comtradeapi.un.org/public/v1/preview/C/A/HS"",""reporterCode"":56,""reporterISO"":""BEL"",""partnerCode"":704,""partnerISO"":""VNM"",""flowCode"":""M"",""cmdCode"":""090111"",""period"":""2023"",""includeDesc"":true},{""endpoint"":""https://comtradeapi.un.org/public/v1/preview/C/A/HS"",""reporterCode"":724,""reporterISO"":""ESP"",""partnerCode"":704,""partnerISO"":""VNM"",""flowCode"":""M"",""cmdCode"":""090111"",""period"":""2023"",""includeDesc"":true},{""endpoint"":""https://comtradeapi.un.org/public/v1/preview/C/A/HS"",""reporterCode"":528,""reporterISO"":""NLD"",""partnerCode"":704,""partnerISO"":""VNM"",""flowCode"":""M"",""cmdCode"":""090111"",""period"":""2023"",""includeDesc"":true},{""endpoint"":""https://comtradeapi.un.org/public/v1/preview/C/A/HS"",""reporterCode"":251,""reporterISO"":""FRA"",""partnerCode"":704,""partnerISO"":""VNM"",""flowCode"":""M"",""cmdCode"":""090111"",""period"":""2023"",""includeDesc"":true},{""endpoint"":""https://comtradeapi.un.org/public/v1/preview/C/A/HS"",""reporterCode"":826,""reporterISO"":""GBR"",""partnerCode"":704,""partnerISO"":""VNM"",""flowCode"":""M"",""cmdCode"":""090111"",""period"":""2023"",""includeDesc"":true}]}",C,A,20230101,2023,56,BEL,Belgium,704,VNM,Viet Nam,M,Import,H6,090111,Coffee; not roasted or decaffeinated,8,kg,28560118.98,28560118.98,0,75259510.018,true,true,false,"{""typeCode"":""C"",""freqCode"":""A"",""refPeriodId"":20230101,""refYear"":2023,""refMonth"":52,""period"":""2023"",""reporterCode"":56,""reporterISO"":""BEL"",""reporterDesc"":""Belgium"",""flowCode"":""M"",""flowDesc"":""Import"",""partnerCode"":704,""partnerISO"":""VNM"",""partnerDesc"":""Viet Nam"",""partner2Code"":0,""partner2ISO"":""W00"",""partner2Desc"":""World"",""classificationCode"":""H6"",""classificationSearchCode"":""HS"",""isOriginalClassification"":true,""cmdCode"":""090111"",""cmdDesc"":""Coffee; not roasted or decaffeinated"",""aggrLevel"":6,""isLeaf"":true,""customsCode"":""C00"",""customsDesc"":""TOTAL CPC"",""mosCode"":""0"",""motCode"":0,""motDesc"":""TOTAL MOT"",""qtyUnitCode"":8,""qtyUnitAbbr"":""kg"",""qty"":28560118.98,""isQtyEstimated"":false,""altQtyUnitCode"":8,""altQtyUnitAbbr"":""kg"",""altQty"":28560118.98,""isAltQtyEstimated"":false,""netWgt"":28560118.98,""isNetWgtEstimated"":false,""grossWgt"":0,""isGrossWgtEstimated"":false,""cifvalue"":75259510.018,""fobvalue"":null,""primaryValue"":75259510.018,""legacyEstimationFlag"":0,""isReported"":true,""isAggregate"":false}"
,UN Comtrade,https://comtradeapi.un.org/public/v1/preview/C/A/HS?reporterCode=276&partnerCode=704&flowCode=M&cmdCode=090111&period=2023&includeDesc=true,2026-06-01T14:36:45.739Z,"{""importers"":[{""endpoint"":""https://comtradeapi.un.org/public/v1/preview/C/A/HS"",""reporterCode"":276,""reporterISO"":""DEU"",""partnerCode"":704,""partnerISO"":""VNM"",""flowCode"":""M"",""cmdCode"":""090111"",""period"":""2023"",""includeDesc"":true},{""endpoint"":""https://comtradeapi.un.org/public/v1/preview/C/A/HS"",""reporterCode"":842,""reporterISO"":""USA"",""partnerCode"":704,""partnerISO"":""VNM"",""flowCode"":""M"",""cmdCode"":""090111"",""period"":""2023"",""includeDesc"":true},{""endpoint"":""https://comtradeapi.un.org/public/v1/preview/C/A/HS"",""reporterCode"":380,""reporterISO"":""ITA"",""partnerCode"":704,""partnerISO"":""VNM"",""flowCode"":""M"",""cmdCode"":""090111"",""period"":""2023"",""includeDesc"":true},{""endpoint"":""https://comtradeapi.un.org/public/v1/preview/C/A/HS"",""reporterCode"":392,""reporterISO"":""JPN"",""partnerCode"":704,""partnerISO"":""VNM"",""flowCode"":""M"",""cmdCode"":""090111"",""period"":""2023"",""includeDesc"":true},{""endpoint"":""https://comtradeapi.un.org/public/v1/preview/C/A/HS"",""reporterCode"":410,""reporterISO"":""KOR"",""partnerCode"":704,""partnerISO"":""VNM"",""flowCode"":""M"",""cmdCode"":""090111"",""period"":""2023"",""includeDesc"":true},{""endpoint"":""https://comtradeapi.un.org/public/v1/preview/C/A/HS"",""reporterCode"":56,""reporterISO"":""BEL"",""partnerCode"":704,""partnerISO"":""VNM"",""flowCode"":""M"",""cmdCode"":""090111"",""period"":""2023"",""includeDesc"":true},{""endpoint"":""https://comtradeapi.un.org/public/v1/preview/C/A/HS"",""reporterCode"":724,""reporterISO"":""ESP"",""partnerCode"":704,""partnerISO"":""VNM"",""flowCode"":""M"",""cmdCode"":""090111"",""period"":""2023"",""includeDesc"":true},{""endpoint"":""https://comtradeapi.un.org/public/v1/preview/C/A/HS"",""reporterCode"":528,""reporterISO"":""NLD"",""partnerCode"":704,""partnerISO"":""VNM"",""flowCode"":""M"",""cmdCode"":""090111"",""period"":""2023"",""includeDesc"":true},{""endpoint"":""https://comtradeapi.un.org/public/v1/preview/C/A/HS"",""reporterCode"":251,""reporterISO"":""FRA"",""partnerCode"":704,""partnerISO"":""VNM"",""flowCode"":""M"",""cmdCode"":""090111"",""period"":""2023"",""includeDesc"":true},{""endpoint"":""https://comtradeapi.un.org/public/v1/preview/C/A/HS"",""reporterCode"":826,""reporterISO"":""GBR"",""partnerCode"":704,""partnerISO"":""VNM"",""flowCode"":""M"",""cmdCode"":""090111"",""period"":""2023"",""includeDesc"":true}]}",C,A,20230101,2023,276,DEU,Germany,704,VNM,Viet Nam,M,Import,H6,090111,Coffee; not roasted or decaffeinated,8,kg,5929,5929,0,17110.16,true,true,false,"{""typeCode"":""C"",""freqCode"":""A"",""refPeriodId"":20230101,""refYear"":2023,""refMonth"":52,""period"":""2023"",""reporterCode"":276,""reporterISO"":""DEU"",""reporterDesc"":""Germany"",""flowCode"":""M"",""flowDesc"":""Import"",""partnerCode"":704,""partnerISO"":""VNM"",""partnerDesc"":""Viet Nam"",""partner2Code"":842,""partner2ISO"":""USA"",""partner2Desc"":""USA"",""classificationCode"":""H6"",""classificationSearchCode"":""HS"",""isOriginalClassification"":true,""cmdCode"":""090111"",""cmdDesc"":""Coffee; not roasted or decaffeinated"",""aggrLevel"":6,""isLeaf"":true,""customsCode"":""C01"",""customsDesc"":""Clearance for home use"",""mosCode"":""0"",""motCode"":1000,""motDesc"":""Air"",""qtyUnitCode"":8,""qtyUnitAbbr"":""kg"",""qty"":5929,""isQtyEstimated"":false,""altQtyUnitCode"":8,""altQtyUnitAbbr"":""kg"",""altQty"":5929,""isAltQtyEstimated"":false,""netWgt"":5929,""isNetWgtEstimated"":false,""grossWgt"":0,""isGrossWgtEstimated"":false,""cifvalue"":17110.16,""fobvalue"":null,""primaryValue"":17110.16,""legacyEstimationFlag"":0,""isReported"":true,""isAggregate"":false}"
,UN Comtrade,https://comtradeapi.un.org/public/v1/preview/C/A/HS?reporterCode=724&partnerCode=704&flowCode=M&cmdCode=090111&period=2023&includeDesc=true,2026-06-01T14:36:45.739Z,"{""importers"":[{""endpoint"":""https://comtradeapi.un.org/public/v1/preview/C/A/HS"",""reporterCode"":276,""reporterISO"":""DEU"",""partnerCode"":704,""partnerISO"":""VNM"",""flowCode"":""M"",""cmdCode"":""090111"",""period"":""2023"",""includeDesc"":true},{""endpoint"":""https://comtradeapi.un.org/public/v1/preview/C/A/HS"",""reporterCode"":842,""reporterISO"":""USA"",""partnerCode"":704,""partnerISO"":""VNM"",""flowCode"":""M"",""cmdCode"":""090111"",""period"":""2023"",""includeDesc"":true},{""endpoint"":""https://comtradeapi.un.org/public/v1/preview/C/A/HS"",""reporterCode"":380,""reporterISO"":""ITA"",""partnerCode"":704,""partnerISO"":""VNM"",""flowCode"":""M"",""cmdCode"":""090111"",""period"":""2023"",""includeDesc"":true},{""endpoint"":""https://comtradeapi.un.org/public/v1/preview/C/A/HS"",""reporterCode"":392,""reporterISO"":""JPN"",""partnerCode"":704,""partnerISO"":""VNM"",""flowCode"":""M"",""cmdCode"":""090111"",""period"":""2023"",""includeDesc"":true},{""endpoint"":""https://comtradeapi.un.org/public/v1/preview/C/A/HS"",""reporterCode"":410,""reporterISO"":""KOR"",""partnerCode"":704,""partnerISO"":""VNM"",""flowCode"":""M"",""cmdCode"":""090111"",""period"":""2023"",""includeDesc"":true},{""endpoint"":""https://comtradeapi.un.org/public/v1/preview/C/A/HS"",""reporterCode"":56,""reporterISO"":""BEL"",""partnerCode"":704,""partnerISO"":""VNM"",""flowCode"":""M"",""cmdCode"":""090111"",""period"":""2023"",""includeDesc"":true},{""endpoint"":""https://comtradeapi.un.org/public/v1/preview/C/A/HS"",""reporterCode"":724,""reporterISO"":""ESP"",""partnerCode"":704,""partnerISO"":""VNM"",""flowCode"":""M"",""cmdCode"":""090111"",""period"":""2023"",""includeDesc"":true},{""endpoint"":""https://comtradeapi.un.org/public/v1/preview/C/A/HS"",""reporterCode"":528,""reporterISO"":""NLD"",""partnerCode"":704,""partnerISO"":""VNM"",""flowCode"":""M"",""cmdCode"":""090111"",""period"":""2023"",""includeDesc"":true},{""endpoint"":""https://comtradeapi.un.org/public/v1/preview/C/A/HS"",""reporterCode"":251,""reporterISO"":""FRA"",""partnerCode"":704,""partnerISO"":""VNM"",""flowCode"":""M"",""cmdCode"":""090111"",""period"":""2023"",""includeDesc"":true},{""endpoint"":""https://comtradeapi.un.org/public/v1/preview/C/A/HS"",""reporterCode"":826,""reporterISO"":""GBR"",""partnerCode"":704,""partnerISO"":""VNM"",""flowCode"":""M"",""cmdCode"":""090111"",""period"":""2023"",""includeDesc"":true}]}",C,A,20230101,2023,724,ESP,Spain,704,VNM,Viet Nam,M,Import,H6,090111,Coffee; not roasted or decaffeinated,8,kg,253775,253775,0,592184.343,true,true,false,"{""typeCode"":""C"",""freqCode"":""A"",""refPeriodId"":20230101,""refYear"":2023,""refMonth"":52,""period"":""2023"",""reporterCode"":724,""reporterISO"":""ESP"",""reporterDesc"":""Spain"",""flowCode"":""M"",""flowDesc"":""Import"",""partnerCode"":704,""partnerISO"":""VNM"",""partnerDesc"":""Viet Nam"",""partner2Code"":826,""partner2ISO"":""GBR"",""partner2Desc"":""United Kingdom"",""classificationCode"":""H6"",""classificationSearchCode"":""HS"",""isOriginalClassification"":true,""cmdCode"":""090111"",""cmdDesc"":""Coffee; not roasted or decaffeinated"",""aggrLevel"":6,""isLeaf"":true,""customsCode"":""C01"",""customsDesc"":""Clearance for home use"",""mosCode"":""0"",""motCode"":3200,""motDesc"":""Road"",""qtyUnitCode"":8,""qtyUnitAbbr"":""kg"",""qty"":253775,""isQtyEstimated"":false,""altQtyUnitCode"":8,""altQtyUnitAbbr"":""kg"",""altQty"":253775,""isAltQtyEstimated"":false,""netWgt"":253775,""isNetWgtEstimated"":false,""grossWgt"":0,""isGrossWgtEstimated"":false,""cifvalue"":592184.343,""fobvalue"":null,""primaryValue"":592184.343,""legacyEstimationFlag"":0,""isReported"":true,""isAggregate"":false}"
,UN Comtrade,https://comtradeapi.un.org/public/v1/preview/C/A/HS?reporterCode=251&partnerCode=704&flowCode=M&cmdCode=090111&period=2023&includeDesc=true,2026-06-01T14:36:45.739Z,"{""importers"":[{""endpoint"":""https://comtradeapi.un.org/public/v1/preview/C/A/HS"",""reporterCode"":276,""reporterISO"":""DEU"",""partnerCode"":704,""partnerISO"":""VNM"",""flowCode"":""M"",""cmdCode"":""090111"",""period"":""2023"",""includeDesc"":true},{""endpoint"":""https://comtradeapi.un.org/public/v1/preview/C/A/HS"",""reporterCode"":842,""reporterISO"":""USA"",""partnerCode"":704,""partnerISO"":""VNM"",""flowCode"":""M"",""cmdCode"":""090111"",""period"":""2023"",""includeDesc"":true},{""endpoint"":""https://comtradeapi.un.org/public/v1/preview/C/A/HS"",""reporterCode"":380,""reporterISO"":""ITA"",""partnerCode"":704,""partnerISO"":""VNM"",""flowCode"":""M"",""cmdCode"":""090111"",""period"":""2023"",""includeDesc"":true},{""endpoint"":""https://comtradeapi.un.org/public/v1/preview/C/A/HS"",""reporterCode"":392,""reporterISO"":""JPN"",""partnerCode"":704,""partnerISO"":""VNM"",""flowCode"":""M"",""cmdCode"":""090111"",""period"":""2023"",""includeDesc"":true},{""endpoint"":""https://comtradeapi.un.org/public/v1/preview/C/A/HS"",""reporterCode"":410,""reporterISO"":""KOR"",""partnerCode"":704,""partnerISO"":""VNM"",""flowCode"":""M"",""cmdCode"":""090111"",""period"":""2023"",""includeDesc"":true},{""endpoint"":""https://comtradeapi.un.org/public/v1/preview/C/A/HS"",""reporterCode"":56,""reporterISO"":""BEL"",""partnerCode"":704,""partnerISO"":""VNM"",""flowCode"":""M"",""cmdCode"":""090111"",""period"":""2023"",""includeDesc"":true},{""endpoint"":""https://comtradeapi.un.org/public/v1/preview/C/A/HS"",""reporterCode"":724,""reporterISO"":""ESP"",""partnerCode"":704,""partnerISO"":""VNM"",""flowCode"":""M"",""cmdCode"":""090111"",""period"":""2023"",""includeDesc"":true},{""endpoint"":""https://comtradeapi.un.org/public/v1/preview/C/A/HS"",""reporterCode"":528,""reporterISO"":""NLD"",""partnerCode"":704,""partnerISO"":""VNM"",""flowCode"":""M"",""cmdCode"":""090111"",""period"":""2023"",""includeDesc"":true},{""endpoint"":""https://comtradeapi.un.org/public/v1/preview/C/A/HS"",""reporterCode"":251,""reporterISO"":""FRA"",""partnerCode"":704,""partnerISO"":""VNM"",""flowCode"":""M"",""cmdCode"":""090111"",""period"":""2023"",""includeDesc"":true},{""endpoint"":""https://comtradeapi.un.org/public/v1/preview/C/A/HS"",""reporterCode"":826,""reporterISO"":""GBR"",""partnerCode"":704,""partnerISO"":""VNM"",""flowCode"":""M"",""cmdCode"":""090111"",""period"":""2023"",""includeDesc"":true}]}",C,A,20230101,2023,251,FRA,France,704,VNM,Viet Nam,M,Import,H6,090111,Coffee; not roasted or decaffeinated,8,kg,22,22,0,400.142,true,true,false,"{""typeCode"":""C"",""freqCode"":""A"",""refPeriodId"":20230101,""refYear"":2023,""refMonth"":52,""period"":""2023"",""reporterCode"":251,""reporterISO"":""FRA"",""reporterDesc"":""France"",""flowCode"":""M"",""flowDesc"":""Import"",""partnerCode"":704,""partnerISO"":""VNM"",""partnerDesc"":""Viet Nam"",""partner2Code"":842,""partner2ISO"":""USA"",""partner2Desc"":""USA"",""classificationCode"":""H6"",""classificationSearchCode"":""HS"",""isOriginalClassification"":true,""cmdCode"":""090111"",""cmdDesc"":""Coffee; not roasted or decaffeinated"",""aggrLevel"":6,""isLeaf"":true,""customsCode"":""C00"",""customsDesc"":""TOTAL CPC"",""mosCode"":""0"",""motCode"":1000,""motDesc"":""Air"",""qtyUnitCode"":8,""qtyUnitAbbr"":""kg"",""qty"":22,""isQtyEstimated"":false,""altQtyUnitCode"":8,""altQtyUnitAbbr"":""kg"",""altQty"":22,""isAltQtyEstimated"":false,""netWgt"":22,""isNetWgtEstimated"":false,""grossWgt"":0,""isGrossWgtEstimated"":false,""cifvalue"":400.142,""fobvalue"":null,""primaryValue"":400.142,""legacyEstimationFlag"":0,""isReported"":true,""isAggregate"":false}"
,UN Comtrade,https://comtradeapi.un.org/public/v1/preview/C/A/HS?reporterCode=826&partnerCode=704&flowCode=M&cmdCode=090111&period=2023&includeDesc=true,2026-06-01T14:36:45.739Z,"{""importers"":[{""endpoint"":""https://comtradeapi.un.org/public/v1/preview/C/A/HS"",""reporterCode"":276,""reporterISO"":""DEU"",""partnerCode"":704,""partnerISO"":""VNM"",""flowCode"":""M"",""cmdCode"":""090111"",""period"":""2023"",""includeDesc"":true},{""endpoint"":""https://comtradeapi.un.org/public/v1/preview/C/A/HS"",""reporterCode"":842,""reporterISO"":""USA"",""partnerCode"":704,""partnerISO"":""VNM"",""flowCode"":""M"",""cmdCode"":""090111"",""period"":""2023"",""includeDesc"":true},{""endpoint"":""https://comtradeapi.un.org/public/v1/preview/C/A/HS"",""reporterCode"":380,""reporterISO"":""ITA"",""partnerCode"":704,""partnerISO"":""VNM"",""flowCode"":""M"",""cmdCode"":""090111"",""period"":""2023"",""includeDesc"":true},{""endpoint"":""https://comtradeapi.un.org/public/v1/preview/C/A/HS"",""reporterCode"":392,""reporterISO"":""JPN"",""partnerCode"":704,""partnerISO"":""VNM"",""flowCode"":""M"",""cmdCode"":""090111"",""period"":""2023"",""includeDesc"":true},{""endpoint"":""https://comtradeapi.un.org/public/v1/preview/C/A/HS"",""reporterCode"":410,""reporterISO"":""KOR"",""partnerCode"":704,""partnerISO"":""VNM"",""flowCode"":""M"",""cmdCode"":""090111"",""period"":""2023"",""includeDesc"":true},{""endpoint"":""https://comtradeapi.un.org/public/v1/preview/C/A/HS"",""reporterCode"":56,""reporterISO"":""BEL"",""partnerCode"":704,""partnerISO"":""VNM"",""flowCode"":""M"",""cmdCode"":""090111"",""period"":""2023"",""includeDesc"":true},{""endpoint"":""https://comtradeapi.un.org/public/v1/preview/C/A/HS"",""reporterCode"":724,""reporterISO"":""ESP"",""partnerCode"":704,""partnerISO"":""VNM"",""flowCode"":""M"",""cmdCode"":""090111"",""period"":""2023"",""includeDesc"":true},{""endpoint"":""https://comtradeapi.un.org/public/v1/preview/C/A/HS"",""reporterCode"":528,""reporterISO"":""NLD"",""partnerCode"":704,""partnerISO"":""VNM"",""flowCode"":""M"",""cmdCode"":""090111"",""period"":""2023"",""includeDesc"":true},{""endpoint"":""https://comtradeapi.un.org/public/v1/preview/C/A/HS"",""reporterCode"":251,""reporterISO"":""FRA"",""partnerCode"":704,""partnerISO"":""VNM"",""flowCode"":""M"",""cmdCode"":""090111"",""period"":""2023"",""includeDesc"":true},{""endpoint"":""https://comtradeapi.un.org/public/v1/preview/C/A/HS"",""reporterCode"":826,""reporterISO"":""GBR"",""partnerCode"":704,""partnerISO"":""VNM"",""flowCode"":""M"",""cmdCode"":""090111"",""period"":""2023"",""includeDesc"":true}]}",C,A,20230101,2023,826,GBR,United Kingdom,704,VNM,Viet Nam,M,Import,H6,090111,Coffee; not roasted or decaffeinated,8,kg,33,33,0,1098.766,true,true,false,"{""typeCode"":""C"",""freqCode"":""A"",""refPeriodId"":20230101,""refYear"":2023,""refMonth"":52,""period"":""2023"",""reporterCode"":826,""reporterISO"":""GBR"",""reporterDesc"":""United Kingdom"",""flowCode"":""M"",""flowDesc"":""Import"",""partnerCode"":704,""partnerISO"":""VNM"",""partnerDesc"":""Viet Nam"",""partner2Code"":842,""partner2ISO"":""USA"",""partner2Desc"":""USA"",""classificationCode"":""H6"",""classificationSearchCode"":""HS"",""isOriginalClassification"":true,""cmdCode"":""090111"",""cmdDesc"":""Coffee; not roasted or decaffeinated"",""aggrLevel"":6,""isLeaf"":true,""customsCode"":""C00"",""customsDesc"":""TOTAL CPC"",""mosCode"":""0"",""motCode"":1000,""motDesc"":""Air"",""qtyUnitCode"":8,""qtyUnitAbbr"":""kg"",""qty"":33,""isQtyEstimated"":false,""altQtyUnitCode"":8,""altQtyUnitAbbr"":""kg"",""altQty"":33,""isAltQtyEstimated"":false,""netWgt"":33,""isNetWgtEstimated"":false,""grossWgt"":0,""isGrossWgtEstimated"":false,""cifvalue"":1098.766,""fobvalue"":null,""primaryValue"":1098.766,""legacyEstimationFlag"":0,""isReported"":true,""isAggregate"":false}"
,UN Comtrade,https://comtradeapi.un.org/public/v1/preview/C/A/HS?reporterCode=380&partnerCode=704&flowCode=M&cmdCode=090111&period=2023&includeDesc=true,2026-06-01T14:36:45.739Z,"{""importers"":[{""endpoint"":""https://comtradeapi.un.org/public/v1/preview/C/A/HS"",""reporterCode"":276,""reporterISO"":""DEU"",""partnerCode"":704,""partnerISO"":""VNM"",""flowCode"":""M"",""cmdCode"":""090111"",""period"":""2023"",""includeDesc"":true},{""endpoint"":""https://comtradeapi.un.org/public/v1/preview/C/A/HS"",""reporterCode"":842,""reporterISO"":""USA"",""partnerCode"":704,""partnerISO"":""VNM"",""flowCode"":""M"",""cmdCode"":""090111"",""period"":""2023"",""includeDesc"":true},{""endpoint"":""https://comtradeapi.un.org/public/v1/preview/C/A/HS"",""reporterCode"":380,""reporterISO"":""ITA"",""partnerCode"":704,""partnerISO"":""VNM"",""flowCode"":""M"",""cmdCode"":""090111"",""period"":""2023"",""includeDesc"":true},{""endpoint"":""https://comtradeapi.un.org/public/v1/preview/C/A/HS"",""reporterCode"":392,""reporterISO"":""JPN"",""partnerCode"":704,""partnerISO"":""VNM"",""flowCode"":""M"",""cmdCode"":""090111"",""period"":""2023"",""includeDesc"":true},{""endpoint"":""https://comtradeapi.un.org/public/v1/preview/C/A/HS"",""reporterCode"":410,""reporterISO"":""KOR"",""partnerCode"":704,""partnerISO"":""VNM"",""flowCode"":""M"",""cmdCode"":""090111"",""period"":""2023"",""includeDesc"":true},{""endpoint"":""https://comtradeapi.un.org/public/v1/preview/C/A/HS"",""reporterCode"":56,""reporterISO"":""BEL"",""partnerCode"":704,""partnerISO"":""VNM"",""flowCode"":""M"",""cmdCode"":""090111"",""period"":""2023"",""includeDesc"":true},{""endpoint"":""https://comtradeapi.un.org/public/v1/preview/C/A/HS"",""reporterCode"":724,""reporterISO"":""ESP"",""partnerCode"":704,""partnerISO"":""VNM"",""flowCode"":""M"",""cmdCode"":""090111"",""period"":""2023"",""includeDesc"":true},{""endpoint"":""https://comtradeapi.un.org/public/v1/preview/C/A/HS"",""reporterCode"":528,""reporterISO"":""NLD"",""partnerCode"":704,""partnerISO"":""VNM"",""flowCode"":""M"",""cmdCode"":""090111"",""period"":""2023"",""includeDesc"":true},{""endpoint"":""https://comtradeapi.un.org/public/v1/preview/C/A/HS"",""reporterCode"":251,""reporterISO"":""FRA"",""partnerCode"":704,""partnerISO"":""VNM"",""flowCode"":""M"",""cmdCode"":""090111"",""period"":""2023"",""includeDesc"":true},{""endpoint"":""https://comtradeapi.un.org/public/v1/preview/C/A/HS"",""reporterCode"":826,""reporterISO"":""GBR"",""partnerCode"":704,""partnerISO"":""VNM"",""flowCode"":""M"",""cmdCode"":""090111"",""period"":""2023"",""includeDesc"":true}]}",C,A,20230101,2023,380,ITA,Italy,704,VNM,Viet Nam,M,Import,H6,090111,Coffee; not roasted or decaffeinated,8,kg,149363483,149363483,0,371128793.628,true,true,false,"{""typeCode"":""C"",""freqCode"":""A"",""refPeriodId"":20230101,""refYear"":2023,""refMonth"":52,""period"":""2023"",""reporterCode"":380,""reporterISO"":""ITA"",""reporterDesc"":""Italy"",""flowCode"":""M"",""flowDesc"":""Import"",""partnerCode"":704,""partnerISO"":""VNM"",""partnerDesc"":""Viet Nam"",""partner2Code"":0,""partner2ISO"":""W00"",""partner2Desc"":""World"",""classificationCode"":""H6"",""classificationSearchCode"":""HS"",""isOriginalClassification"":true,""cmdCode"":""090111"",""cmdDesc"":""Coffee; not roasted or decaffeinated"",""aggrLevel"":6,""isLeaf"":true,""customsCode"":""C00"",""customsDesc"":""TOTAL CPC"",""mosCode"":""0"",""motCode"":0,""motDesc"":""TOTAL MOT"",""qtyUnitCode"":8,""qtyUnitAbbr"":""kg"",""qty"":149363483,""isQtyEstimated"":false,""altQtyUnitCode"":8,""altQtyUnitAbbr"":""kg"",""altQty"":149363483,""isAltQtyEstimated"":false,""netWgt"":149363483,""isNetWgtEstimated"":false,""grossWgt"":0,""isGrossWgtEstimated"":false,""cifvalue"":371128793.628,""fobvalue"":null,""primaryValue"":371128793.628,""legacyEstimationFlag"":0,""isReported"":true,""isAggregate"":false}"
,UN Comtrade,https://comtradeapi.un.org/public/v1/preview/C/A/HS?reporterCode=392&partnerCode=704&flowCode=M&cmdCode=090111&period=2023&includeDesc=true,2026-06-01T14:36:45.739Z,"{""importers"":[{""endpoint"":""https://comtradeapi.un.org/public/v1/preview/C/A/HS"",""reporterCode"":276,""reporterISO"":""DEU"",""partnerCode"":704,""partnerISO"":""VNM"",""flowCode"":""M"",""cmdCode"":""090111"",""period"":""2023"",""includeDesc"":true},{""endpoint"":""https://comtradeapi.un.org/public/v1/preview/C/A/HS"",""reporterCode"":842,""reporterISO"":""USA"",""partnerCode"":704,""partnerISO"":""VNM"",""flowCode"":""M"",""cmdCode"":""090111"",""period"":""2023"",""includeDesc"":true},{""endpoint"":""https://comtradeapi.un.org/public/v1/preview/C/A/HS"",""reporterCode"":380,""reporterISO"":""ITA"",""partnerCode"":704,""partnerISO"":""VNM"",""flowCode"":""M"",""cmdCode"":""090111"",""period"":""2023"",""includeDesc"":true},{""endpoint"":""https://comtradeapi.un.org/public/v1/preview/C/A/HS"",""reporterCode"":392,""reporterISO"":""JPN"",""partnerCode"":704,""partnerISO"":""VNM"",""flowCode"":""M"",""cmdCode"":""090111"",""period"":""2023"",""includeDesc"":true},{""endpoint"":""https://comtradeapi.un.org/public/v1/preview/C/A/HS"",""reporterCode"":410,""reporterISO"":""KOR"",""partnerCode"":704,""partnerISO"":""VNM"",""flowCode"":""M"",""cmdCode"":""090111"",""period"":""2023"",""includeDesc"":true},{""endpoint"":""https://comtradeapi.un.org/public/v1/preview/C/A/HS"",""reporterCode"":56,""reporterISO"":""BEL"",""partnerCode"":704,""partnerISO"":""VNM"",""flowCode"":""M"",""cmdCode"":""090111"",""period"":""2023"",""includeDesc"":true},{""endpoint"":""https://comtradeapi.un.org/public/v1/preview/C/A/HS"",""reporterCode"":724,""reporterISO"":""ESP"",""partnerCode"":704,""partnerISO"":""VNM"",""flowCode"":""M"",""cmdCode"":""090111"",""period"":""2023"",""includeDesc"":true},{""endpoint"":""https://comtradeapi.un.org/public/v1/preview/C/A/HS"",""reporterCode"":528,""reporterISO"":""NLD"",""partnerCode"":704,""partnerISO"":""VNM"",""flowCode"":""M"",""cmdCode"":""090111"",""period"":""2023"",""includeDesc"":true},{""endpoint"":""https://comtradeapi.un.org/public/v1/preview/C/A/HS"",""reporterCode"":251,""reporterISO"":""FRA"",""partnerCode"":704,""partnerISO"":""VNM"",""flowCode"":""M"",""cmdCode"":""090111"",""period"":""2023"",""includeDesc"":true},{""endpoint"":""https://comtradeapi.un.org/public/v1/preview/C/A/HS"",""reporterCode"":826,""reporterISO"":""GBR"",""partnerCode"":704,""partnerISO"":""VNM"",""flowCode"":""M"",""cmdCode"":""090111"",""period"":""2023"",""includeDesc"":true}]}",C,A,20230101,2023,392,JPN,Japan,704,VNM,Viet Nam,M,Import,H6,090111,Coffee; not roasted or decaffeinated,8,kg,98725900,98725900,0,239270767.718,true,true,false,"{""typeCode"":""C"",""freqCode"":""A"",""refPeriodId"":20230101,""refYear"":2023,""refMonth"":52,""period"":""2023"",""reporterCode"":392,""reporterISO"":""JPN"",""reporterDesc"":""Japan"",""flowCode"":""M"",""flowDesc"":""Import"",""partnerCode"":704,""partnerISO"":""VNM"",""partnerDesc"":""Viet Nam"",""partner2Code"":0,""partner2ISO"":""W00"",""partner2Desc"":""World"",""classificationCode"":""H6"",""classificationSearchCode"":""HS"",""isOriginalClassification"":true,""cmdCode"":""090111"",""cmdDesc"":""Coffee; not roasted or decaffeinated"",""aggrLevel"":6,""isLeaf"":true,""customsCode"":""C00"",""customsDesc"":""TOTAL CPC"",""mosCode"":""0"",""motCode"":0,""motDesc"":""TOTAL MOT"",""qtyUnitCode"":8,""qtyUnitAbbr"":""kg"",""qty"":98725900,""isQtyEstimated"":false,""altQtyUnitCode"":8,""altQtyUnitAbbr"":""kg"",""altQty"":98725900,""isAltQtyEstimated"":false,""netWgt"":98725900,""isNetWgtEstimated"":false,""grossWgt"":0,""isGrossWgtEstimated"":false,""cifvalue"":239270767.718,""fobvalue"":null,""primaryValue"":239270767.718,""legacyEstimationFlag"":0,""isReported"":true,""isAggregate"":false}"
,UN Comtrade,https://comtradeapi.un.org/public/v1/preview/C/A/HS?reporterCode=410&partnerCode=704&flowCode=M&cmdCode=090111&period=2023&includeDesc=true,2026-06-01T14:36:45.739Z,"{""importers"":[{""endpoint"":""https://comtradeapi.un.org/public/v1/preview/C/A/HS"",""reporterCode"":276,""reporterISO"":""DEU"",""partnerCode"":704,""partnerISO"":""VNM"",""flowCode"":""M"",""cmdCode"":""090111"",""period"":""2023"",""includeDesc"":true},{""endpoint"":""https://comtradeapi.un.org/public/v1/preview/C/A/HS"",""reporterCode"":842,""reporterISO"":""USA"",""partnerCode"":704,""partnerISO"":""VNM"",""flowCode"":""M"",""cmdCode"":""090111"",""period"":""2023"",""includeDesc"":true},{""endpoint"":""https://comtradeapi.un.org/public/v1/preview/C/A/HS"",""reporterCode"":380,""reporterISO"":""ITA"",""partnerCode"":704,""partnerISO"":""VNM"",""flowCode"":""M"",""cmdCode"":""090111"",""period"":""2023"",""includeDesc"":true},{""endpoint"":""https://comtradeapi.un.org/public/v1/preview/C/A/HS"",""reporterCode"":392,""reporterISO"":""JPN"",""partnerCode"":704,""partnerISO"":""VNM"",""flowCode"":""M"",""cmdCode"":""090111"",""period"":""2023"",""includeDesc"":true},{""endpoint"":""https://comtradeapi.un.org/public/v1/preview/C/A/HS"",""reporterCode"":410,""reporterISO"":""KOR"",""partnerCode"":704,""partnerISO"":""VNM"",""flowCode"":""M"",""cmdCode"":""090111"",""period"":""2023"",""includeDesc"":true},{""endpoint"":""https://comtradeapi.un.org/public/v1/preview/C/A/HS"",""reporterCode"":56,""reporterISO"":""BEL"",""partnerCode"":704,""partnerISO"":""VNM"",""flowCode"":""M"",""cmdCode"":""090111"",""period"":""2023"",""includeDesc"":true},{""endpoint"":""https://comtradeapi.un.org/public/v1/preview/C/A/HS"",""reporterCode"":724,""reporterISO"":""ESP"",""partnerCode"":704,""partnerISO"":""VNM"",""flowCode"":""M"",""cmdCode"":""090111"",""period"":""2023"",""includeDesc"":true},{""endpoint"":""https://comtradeapi.un.org/public/v1/preview/C/A/HS"",""reporterCode"":528,""reporterISO"":""NLD"",""partnerCode"":704,""partnerISO"":""VNM"",""flowCode"":""M"",""cmdCode"":""090111"",""period"":""2023"",""includeDesc"":true},{""endpoint"":""https://comtradeapi.un.org/public/v1/preview/C/A/HS"",""reporterCode"":251,""reporterISO"":""FRA"",""partnerCode"":704,""partnerISO"":""VNM"",""flowCode"":""M"",""cmdCode"":""090111"",""period"":""2023"",""includeDesc"":true},{""endpoint"":""https://comtradeapi.un.org/public/v1/preview/C/A/HS"",""reporterCode"":826,""reporterISO"":""GBR"",""partnerCode"":704,""partnerISO"":""VNM"",""flowCode"":""M"",""cmdCode"":""090111"",""period"":""2023"",""includeDesc"":true}]}",C,A,20230101,2023,410,KOR,Rep. of Korea,704,VNM,Viet Nam,M,Import,H6,090111,Coffee; not roasted or decaffeinated,8,kg,31402220,31402220,0,74856871,true,true,false,"{""typeCode"":""C"",""freqCode"":""A"",""refPeriodId"":20230101,""refYear"":2023,""refMonth"":52,""period"":""2023"",""reporterCode"":410,""reporterISO"":""KOR"",""reporterDesc"":""Rep. of Korea"",""flowCode"":""M"",""flowDesc"":""Import"",""partnerCode"":704,""partnerISO"":""VNM"",""partnerDesc"":""Viet Nam"",""partner2Code"":0,""partner2ISO"":""W00"",""partner2Desc"":""World"",""classificationCode"":""H6"",""classificationSearchCode"":""HS"",""isOriginalClassification"":true,""cmdCode"":""090111"",""cmdDesc"":""Coffee; not roasted or decaffeinated"",""aggrLevel"":6,""isLeaf"":true,""customsCode"":""C00"",""customsDesc"":""TOTAL CPC"",""mosCode"":""0"",""motCode"":0,""motDesc"":""TOTAL MOT"",""qtyUnitCode"":8,""qtyUnitAbbr"":""kg"",""qty"":31402220,""isQtyEstimated"":false,""altQtyUnitCode"":8,""altQtyUnitAbbr"":""kg"",""altQty"":31402220,""isAltQtyEstimated"":false,""netWgt"":31402220,""isNetWgtEstimated"":false,""grossWgt"":0,""isGrossWgtEstimated"":false,""cifvalue"":74856871,""fobvalue"":null,""primaryValue"":74856871,""legacyEstimationFlag"":0,""isReported"":true,""isAggregate"":false}"
,UN Comtrade,https://comtradeapi.un.org/public/v1/preview/C/A/HS?reporterCode=528&partnerCode=704&flowCode=M&cmdCode=090111&period=2023&includeDesc=true,2026-06-01T14:36:45.739Z,"{""importers"":[{""endpoint"":""https://comtradeapi.un.org/public/v1/preview/C/A/HS"",""reporterCode"":276,""reporterISO"":""DEU"",""partnerCode"":704,""partnerISO"":""VNM"",""flowCode"":""M"",""cmdCode"":""090111"",""period"":""2023"",""includeDesc"":true},{""endpoint"":""https://comtradeapi.un.org/public/v1/preview/C/A/HS"",""reporterCode"":842,""reporterISO"":""USA"",""partnerCode"":704,""partnerISO"":""VNM"",""flowCode"":""M"",""cmdCode"":""090111"",""period"":""2023"",""includeDesc"":true},{""endpoint"":""https://comtradeapi.un.org/public/v1/preview/C/A/HS"",""reporterCode"":380,""reporterISO"":""ITA"",""partnerCode"":704,""partnerISO"":""VNM"",""flowCode"":""M"",""cmdCode"":""090111"",""period"":""2023"",""includeDesc"":true},{""endpoint"":""https://comtradeapi.un.org/public/v1/preview/C/A/HS"",""reporterCode"":392,""reporterISO"":""JPN"",""partnerCode"":704,""partnerISO"":""VNM"",""flowCode"":""M"",""cmdCode"":""090111"",""period"":""2023"",""includeDesc"":true},{""endpoint"":""https://comtradeapi.un.org/public/v1/preview/C/A/HS"",""reporterCode"":410,""reporterISO"":""KOR"",""partnerCode"":704,""partnerISO"":""VNM"",""flowCode"":""M"",""cmdCode"":""090111"",""period"":""2023"",""includeDesc"":true},{""endpoint"":""https://comtradeapi.un.org/public/v1/preview/C/A/HS"",""reporterCode"":56,""reporterISO"":""BEL"",""partnerCode"":704,""partnerISO"":""VNM"",""flowCode"":""M"",""cmdCode"":""090111"",""period"":""2023"",""includeDesc"":true},{""endpoint"":""https://comtradeapi.un.org/public/v1/preview/C/A/HS"",""reporterCode"":724,""reporterISO"":""ESP"",""partnerCode"":704,""partnerISO"":""VNM"",""flowCode"":""M"",""cmdCode"":""090111"",""period"":""2023"",""includeDesc"":true},{""endpoint"":""https://comtradeapi.un.org/public/v1/preview/C/A/HS"",""reporterCode"":528,""reporterISO"":""NLD"",""partnerCode"":704,""partnerISO"":""VNM"",""flowCode"":""M"",""cmdCode"":""090111"",""period"":""2023"",""includeDesc"":true},{""endpoint"":""https://comtradeapi.un.org/public/v1/preview/C/A/HS"",""reporterCode"":251,""reporterISO"":""FRA"",""partnerCode"":704,""partnerISO"":""VNM"",""flowCode"":""M"",""cmdCode"":""090111"",""period"":""2023"",""includeDesc"":true},{""endpoint"":""https://comtradeapi.un.org/public/v1/preview/C/A/HS"",""reporterCode"":826,""reporterISO"":""GBR"",""partnerCode"":704,""partnerISO"":""VNM"",""flowCode"":""M"",""cmdCode"":""090111"",""period"":""2023"",""includeDesc"":true}]}",C,A,20230101,2023,528,NLD,Netherlands,704,VNM,Viet Nam,M,Import,H6,090111,Coffee; not roasted or decaffeinated,8,kg,31136200,31136200,0,84134869.396,true,true,false,"{""typeCode"":""C"",""freqCode"":""A"",""refPeriodId"":20230101,""refYear"":2023,""refMonth"":52,""period"":""2023"",""reporterCode"":528,""reporterISO"":""NLD"",""reporterDesc"":""Netherlands"",""flowCode"":""M"",""flowDesc"":""Import"",""partnerCode"":704,""partnerISO"":""VNM"",""partnerDesc"":""Viet Nam"",""partner2Code"":0,""partner2ISO"":""W00"",""partner2Desc"":""World"",""classificationCode"":""H6"",""classificationSearchCode"":""HS"",""isOriginalClassification"":true,""cmdCode"":""090111"",""cmdDesc"":""Coffee; not roasted or decaffeinated"",""aggrLevel"":6,""isLeaf"":true,""customsCode"":""C00"",""customsDesc"":""TOTAL CPC"",""mosCode"":""0"",""motCode"":0,""motDesc"":""TOTAL MOT"",""qtyUnitCode"":8,""qtyUnitAbbr"":""kg"",""qty"":31136200,""isQtyEstimated"":false,""altQtyUnitCode"":8,""altQtyUnitAbbr"":""kg"",""altQty"":31136200,""isAltQtyEstimated"":false,""netWgt"":31136200,""isNetWgtEstimated"":false,""grossWgt"":0,""isGrossWgtEstimated"":false,""cifvalue"":84134869.396,""fobvalue"":null,""primaryValue"":84134869.396,""legacyEstimationFlag"":0,""isReported"":true,""isAggregate"":false}"
,UN Comtrade,https://comtradeapi.un.org/public/v1/preview/C/A/HS?reporterCode=842&partnerCode=704&flowCode=M&cmdCode=090111&period=2023&includeDesc=true,2026-06-01T14:36:45.739Z,"{""importers"":[{""endpoint"":""https://comtradeapi.un.org/public/v1/preview/C/A/HS"",""reporterCode"":276,""reporterISO"":""DEU"",""partnerCode"":704,""partnerISO"":""VNM"",""flowCode"":""M"",""cmdCode"":""090111"",""period"":""2023"",""includeDesc"":true},{""endpoint"":""https://comtradeapi.un.org/public/v1/preview/C/A/HS"",""reporterCode"":842,""reporterISO"":""USA"",""partnerCode"":704,""partnerISO"":""VNM"",""flowCode"":""M"",""cmdCode"":""090111"",""period"":""2023"",""includeDesc"":true},{""endpoint"":""https://comtradeapi.un.org/public/v1/preview/C/A/HS"",""reporterCode"":380,""reporterISO"":""ITA"",""partnerCode"":704,""partnerISO"":""VNM"",""flowCode"":""M"",""cmdCode"":""090111"",""period"":""2023"",""includeDesc"":true},{""endpoint"":""https://comtradeapi.un.org/public/v1/preview/C/A/HS"",""reporterCode"":392,""reporterISO"":""JPN"",""partnerCode"":704,""partnerISO"":""VNM"",""flowCode"":""M"",""cmdCode"":""090111"",""period"":""2023"",""includeDesc"":true},{""endpoint"":""https://comtradeapi.un.org/public/v1/preview/C/A/HS"",""reporterCode"":410,""reporterISO"":""KOR"",""partnerCode"":704,""partnerISO"":""VNM"",""flowCode"":""M"",""cmdCode"":""090111"",""period"":""2023"",""includeDesc"":true},{""endpoint"":""https://comtradeapi.un.org/public/v1/preview/C/A/HS"",""reporterCode"":56,""reporterISO"":""BEL"",""partnerCode"":704,""partnerISO"":""VNM"",""flowCode"":""M"",""cmdCode"":""090111"",""period"":""2023"",""includeDesc"":true},{""endpoint"":""https://comtradeapi.un.org/public/v1/preview/C/A/HS"",""reporterCode"":724,""reporterISO"":""ESP"",""partnerCode"":704,""partnerISO"":""VNM"",""flowCode"":""M"",""cmdCode"":""090111"",""period"":""2023"",""includeDesc"":true},{""endpoint"":""https://comtradeapi.un.org/public/v1/preview/C/A/HS"",""reporterCode"":528,""reporterISO"":""NLD"",""partnerCode"":704,""partnerISO"":""VNM"",""flowCode"":""M"",""cmdCode"":""090111"",""period"":""2023"",""includeDesc"":true},{""endpoint"":""https://comtradeapi.un.org/public/v1/preview/C/A/HS"",""reporterCode"":251,""reporterISO"":""FRA"",""partnerCode"":704,""partnerISO"":""VNM"",""flowCode"":""M"",""cmdCode"":""090111"",""period"":""2023"",""includeDesc"":true},{""endpoint"":""https://comtradeapi.un.org/public/v1/preview/C/A/HS"",""reporterCode"":826,""reporterISO"":""GBR"",""partnerCode"":704,""partnerISO"":""VNM"",""flowCode"":""M"",""cmdCode"":""090111"",""period"":""2023"",""includeDesc"":true}]}",C,A,20230101,2023,842,USA,USA,704,VNM,Viet Nam,M,Import,H6,090111,Coffee; not roasted or decaffeinated,8,kg,136134286,136134286,0,339205217,true,true,false,"{""typeCode"":""C"",""freqCode"":""A"",""refPeriodId"":20230101,""refYear"":2023,""refMonth"":52,""period"":""2023"",""reporterCode"":842,""reporterISO"":""USA"",""reporterDesc"":""USA"",""flowCode"":""M"",""flowDesc"":""Import"",""partnerCode"":704,""partnerISO"":""VNM"",""partnerDesc"":""Viet Nam"",""partner2Code"":0,""partner2ISO"":""W00"",""partner2Desc"":""World"",""classificationCode"":""H6"",""classificationSearchCode"":""HS"",""isOriginalClassification"":true,""cmdCode"":""090111"",""cmdDesc"":""Coffee; not roasted or decaffeinated"",""aggrLevel"":6,""isLeaf"":true,""customsCode"":""C00"",""customsDesc"":""TOTAL CPC"",""mosCode"":""0"",""motCode"":0,""motDesc"":""TOTAL MOT"",""qtyUnitCode"":8,""qtyUnitAbbr"":""kg"",""qty"":136134286,""isQtyEstimated"":false,""altQtyUnitCode"":8,""altQtyUnitAbbr"":""kg"",""altQty"":136134286,""isAltQtyEstimated"":false,""netWgt"":136134286,""isNetWgtEstimated"":false,""grossWgt"":0,""isGrossWgtEstimated"":false,""cifvalue"":339205217,""fobvalue"":321997001,""primaryValue"":339205217,""legacyEstimationFlag"":0,""isReported"":true,""isAggregate"":false}"